,Name,Continent,Country,Min_Altitude,Max_Altitude,Total_ski_routes,Easy,Intermediate,Difficult,Aditional_Routes,Lifts,Adults,Current_season_start,Current_season_finish,General_season_start,General_season_finish,Opening_time,Closing_time
0,Lermoos   Grubigstein,Europe, Austria,1004,2100,27.3,12.8,12.6,1.9,1.7,8.0,49.5, 2021-12-04,2022-04-18, early December,mid April, 08:30,16:30
1,Arosa Lenzerheide,Europe, Switzerland,1229,2865,225.0,110.0,87.0,28.0,,43.0,78.0, 2021-10-30,2022-04-18, early November,mid April, 08:30,16:30
2,Ski Juwel Alpbachtal Wildschönau,Europe, Austria,830,2025,90.9,25.1,53.1,12.7,16.3,46.0,51.0, 2021-12-03,2022-04-18, mid December,mid April, 08:30,16:00
3,Val Gardena (Gröden),Europe, Italia,1236,2518,178.0,52.0,105.0,21.0,,79.0,64.0, 2021-12-04,2022-04-10, early December,mid April, 08:30,16:30
4,Arber,Europe, Deutschland,1050,1456,11.5,4.5,4.0,3.0,5.0,6.0,36.0, 2021-12-11,2022-03-27, mid December,late March, 08:30,16:00
5,Hochoetz   Oetz,Europe, Austria,1410,2272,37.5,12.0,21.5,4.0,3.5,13.0,44.0,,, early December,mid April, 08:45,16:30
6,Wildkogel   Neukirchen/Bramberg,Europe, Austria,820,2150,75.0,35.0,30.0,10.0,2.0,20.0,52.5, 2021-12-10,2022-04-22, mid December,mid April, 08:30,16:30
7,Almenwelt Lofer,Europe, Austria,640,1670,46.0,32.0,12.0,2.0,,10.0,47.0, 2021-12-04,2022-04-03, early December,mid April, 08:30,16:00
8,Biberwier   Marienberg,Europe, Austria,1000,1820,11.0,7.3,3.7,0.0,1.3,5.0,49.5, 2021-12-18,2022-03-27, mid December,late March, 08:30,16:30
9,Sölden,Europe, Austria,1350,3340,143.0,69.5,46.6,27.3,,31.0,64.0, 2021-09-10,2022-05-08, late September,early May, 09:00,16:00
10,Tauplitz   Bad Mitterndorf,Europe, Austria,896,1965,43.5,18.5,19.0,6.0,2.0,17.0,45.0, 2021-11-27,2022-04-18, early December,mid April, 09:00,16:00
11,Gitschberg Jochtal,Europe, Italia,1307,2510,55.0,18.5,27.2,9.3,,15.0,54.0, 2021-12-04,2022-04-18, early December,early April, 08:30,16:30
12,Axamer Lizum,Europe, Austria,1580,2340,30.0,7.0,21.0,2.0,10.0,10.0,43.0, 2021-12-03,2022-04-18, late November,early April, 08:30,16:00
13,Schlick 2000   Fulpmes,Europe, Austria,1009,2240,22.0,12.0,6.8,3.2,1.5,9.0,43.0, 2021-11-27,2022-04-18, depending on snow conditions,early April, 08:30,16:30
14,Scuol   Motta Naluns,Europe, Switzerland,1250,2785,70.0,27.0,32.0,11.0,,10.0,54.0, 2021-12-11,2022-04-18, mid December,mid April, 08:45,16:00
15,of Monte Bondone,Europe, Italia,1189,2090,18.8,4.8,14.0,0.0,2.2,4.0,40.0, 2021-12-04,2022-04-18, mid December,mid April, 08:45,16:45
16,Ladurns,Europe, Italia,1140,2030,18.0,8.4,8.4,1.2,,4.0,42.0, 2021-12-18,2022-04-18, early December,mid April, 08:30,16:30
17,Sonnenkopf   Klösterle,Europe, Austria,1000,2300,29.5,12.8,15.9,0.8,4.0,9.0,46.0, 2021-12-11,2022-04-18, depending on snow conditions,mid April, 08:45,16:00
18,Mönichkirchen/Mariensee,Europe, Austria,865,1432,13.5,5.5,6.0,2.0,,5.0,38.5, 2021-12-08,2022-03-27, depending on snow conditions,late March, 09:00,16:00
19,Elm im Sernftal,Europe, Switzerland,1020,2105,40.0,15.0,20.0,5.0,2.0,5.0,45.0, 2021-12-11,2022-04-18, mid December,late March, 08:30,17:00
20,Paganella   Andalo,Europe, Italia,1040,2125,40.0,11.0,27.8,1.2,2.0,14.0,47.0, 2021-11-27,2022-04-18, late November,early April, 08:30,16:00
21,San Martino di Castrozza,Europe, Italia,1404,2357,60.0,16.0,32.0,12.0,,21.0,50.0, 2021-11-27,2022-04-18, mid November,mid April, 09:00,16:00
22,Glungezer   Tulfes,Europe, Austria,950,2304,23.0,6.5,15.5,1.0,,6.0,38.0, 2021-12-08,2022-04-10, mid December,early April, 08:30,16:30
23,Kristberg   Silbertal,Europe, Austria,889,1589,5.0,2.5,2.5,0.0,6.0,3.0,39.0, 2021-12-11,2022-04-03, mid December,early April, 07:45,18:45
24,Flumserberg,Europe, Switzerland,665,2222,65.0,10.0,38.0,17.0,6.0,17.0,62.0, 2021-11-27,2022-04-18, mid November,early April, 08:00,16:30
25,Pejo,Europe, Italia,1400,3000,20.0,5.0,12.8,2.2,,7.0,38.0, 2021-12-04,2022-04-18, early December,early April, 08:30,16:30
26,of Rosskopf,Europe, Austria,948,2120,20.0,6.0,13.0,1.0,,3.0,45.0, 2021-11-27,2022-04-18, early December,early April, 08:30,17:00
27,Hohsaas   Saas Grund,Europe, Switzerland,1559,3142,34.5,12.0,21.3,1.2,5.0,6.0,52.0, 2021-12-18,2022-04-18, mid December,mid April, 09:00,16:15
28,Schilthorn   Mürren/Lauterbrunnen,Europe, Switzerland,796,2970,54.0,19.0,23.0,12.0,3.0,16.0,64.0, 2021-12-04,2022-04-24, early December,late April, 08:00,16:30
29,Fichtelberg   Oberwiesenthal,Europe, Deutschland,911,1215,15.5,6.8,6.1,2.6,,6.0,32.0, 2021-12-11,2022-03-27, early December,late March, 09:00,16:30
30,SkiWelt Wilder Kaiser Brixental,Europe, Austria,620,1957,288.0,126.0,127.0,35.0,,90.0,57.0, 2021-12-04,2022-03-27, early December,mid April, 08:30,16:30
31,Serfaus Fiss Ladis,Europe, Austria,1200,2828,198.0,47.0,123.0,28.0,16.0,39.0,56.0, 2021-12-04,2022-04-18, early December,mid April, 08:30,16:00
32,Tignes/Val d'Isère,Europe, France,1550,3456,300.0,170.0,78.0,52.0,20.0,82.0,62.0, 2021-10-16,2022-05-08, late November,early Maymid June - early August, 09:30,16:30
33,Hochkönig   Maria Alm/Dienten/Mühlbach,Europe, Austria,800,1900,120.0,52.0,41.0,27.0,8.0,34.0,60.5, 2021-12-03,2022-04-18, early December,mid April, 09:00,15:30
34,Silvretta Montafon,Europe, Austria,700,2430,118.0,60.0,50.0,8.0,22.0,34.0,59.0, 2021-11-26,2022-04-18, late November,mid April, 08:15,16:30
35,Kronplatz (Plan de Corones),Europe, Italia,973,2275,119.0,52.0,42.0,25.0,,32.0,62.0, 2021-11-27,2022-04-24, late November,mid April, 08:30,17:00
36,Laax/Flims/Falera,Europe, Switzerland,1100,3018,188.0,88.0,81.0,19.0,28.0,28.0,82.0, 2021-10-30,2022-04-24, late October,early May, 08:30,16:30
37,Obertauern,Europe, Austria,1630,2313,100.0,61.0,35.0,4.0,,26.0,50.0, 2021-11-20,2022-05-01, late November,mid April, 09:00,16:00
38,Schmittenhöhe   Zell am See,Europe, Austria,760,2000,77.0,30.0,28.0,19.0,8.0,28.0,60.5, 2021-11-27,2022-04-18, late November,early May, 08:30,15:30
39,Andermatt/Oberalp/Sedrun,Europe, Switzerland,1444,2600,70.0,18.0,40.0,12.0,,13.0,82.0, 2021-11-27,2022-04-18, mid November,late April, 09:00,16:00
40,La Plagne (Paradiski),Europe, France,1207,3167,225.0,139.0,59.0,27.0,,71.0,55.0, 2021-12-11,2022-04-30, mid December,late Aprildepending on snow conditions - depending on snow conditions, 08:30,16:30
41,4 Vallées   Verbier/La Tzoumaz/Nendaz/Veysonnaz/Thyon,Europe, Switzerland,821,3330,412.0,107.0,202.0,103.0,,67.0,72.0, 2021-12-03,2022-04-18, mid November,late Aprilmid June - late Augustlate October - early November, 08:45,16:45
42,Les 2 Alpes,Europe, France,1280,3523,200.0,110.0,56.0,34.0,,47.0,54.0, 2021-11-27,2022-04-24, late November,late May, 09:00,17:00
43,Titlis   Engelberg,Europe, Switzerland,1003,3020,70.0,18.0,42.5,9.5,,18.0,63.0, 2021-10-09,2022-05-22, early October,mid April, 08:30,16:00
44,Alta Badia,Europe, Italia,1324,2550,130.0,70.0,52.0,8.0,,53.0,62.0, 2021-12-04,2022-04-10, early December,mid April, 08:30,16:30
45,Turracher Höhe,Europe, Austria,1400,2205,42.0,14.0,24.5,3.5,1.0,14.0,48.5, 2021-11-20,2022-05-01, mid December,late April, 09:00,16:00
46,Livigno,Europe, Italia,1816,2798,115.0,30.0,65.0,20.0,,32.0,50.0, 2021-11-27,2022-05-01, early December,early April, 08:30,17:00
47,Katschberg,Europe, Austria,1066,2220,70.0,10.0,50.0,10.0,2.0,16.0,51.0, 2021-12-03,2022-04-03, early December,early April, 09:00,16:00
48,Damüls Mellau,Europe, Austria,710,2050,80.6,29.9,48.8,1.9,17.7,20.0,55.5,,, early December,early April, 09:00,16:00
49,Passo San Pellegrino/Falcade,Europe, Italia,1190,2513,67.5,20.5,38.5,8.5,1.5,15.0,52.0, 2021-12-04,2022-04-09, late November,mid April, 08:30,16:30
50,Trysil,Europe, Norway,415,1100,71.0,33.0,18.0,20.0,,31.0,54.0, 2021-11-20,2022-04-18, depending on snow conditions,mid April, 09:00,15:30
51,Parsenn (Davos Klosters),Europe, Switzerland,810,2844,95.5,17.3,60.5,17.7,6.3,18.0,67.0, 2021-11-19,2022-04-24, early November,mid April, 08:15,16:00
52,Baqueira/Beret,Europe, España,1500,2610,160.0,80.0,60.0,20.0,5.0,29.0,54.5, 2021-11-27,2022-04-18, early December,late April, 08:45,16:45
53,Alpe d'Huez,Europe, Danmark,1125,3330,250.0,70.0,130.0,50.0,,62.0,55.0, 2021-12-04,2022-04-24, early December,early April, 08:30,17:00
54,Nassfeld   Hermagor,Europe, Austria,600,2002,110.0,30.0,69.0,11.0,,30.0,51.0, 2021-12-03,2022-04-18, early December,mid April, 08:30,16:15
55,Großarltal/Dorfgastein,Europe, Austria,849,2033,63.2,27.8,34.0,1.4,9.7,17.0,57.5, 2021-12-04,2022-04-18, late December,mid April, 08:30,15:00
56,Megève/Saint Gervais,Europe, France,850,2353,263.0,98.0,134.0,31.0,,81.0,50.5, 2021-11-27,2022-04-18, mid December,mid April, 08:30,17:10
57,Hemsedal,Europe, Norway,620,1450,44.1,29.2,10.8,4.1,1.7,19.0,54.0, 2021-11-20,2022-05-01, early November,early April, 09:00,16:30
58,Alpe Lusia   Moena/Bellamonte,Europe, Italia,1367,2340,27.5,12.9,10.6,4.0,,8.0,52.0, 2021-12-03,2022-04-18, early December,early May, 08:30,16:30
59,Åre,Europe, Sweeden,380,1274,91.0,45.0,38.0,8.0,,31.0,58.0, 2021-11-20,2022-05-01, mid November,mid April, 08:00,16:30
60,Galtür   Silvapark,Europe, Austria,1600,2300,43.0,6.0,25.0,12.0,6.0,10.0,44.5, 2021-12-10,2022-04-22, early December,early April, 08:45,16:00
61,Hochzeiger   Jerzens,Europe, Austria,1450,2450,40.0,10.0,22.0,8.0,8.0,9.0,47.0, 2021-12-03,2022-04-23, early December,mid April, 08:45,16:30
62,Formigal,Europe, España,1501,2251,137.0,47.0,70.0,20.0,,15.0,49.5, 2021-11-27,2022-04-18, late November,late April, 09:00,17:00
63,Hafjell,Europe, Norway,195,1059,44.0,33.0,7.0,4.0,,15.0,52.0, 2021-11-20,2022-04-24, early November,early May, 09:00,16:30
64,Cortina d'Ampezzo,Europe, Italia,1217,2828,120.0,45.0,59.0,16.0,,27.0,48.0, 2021-11-27,2022-04-18, late November,early April, 08:30,16:30
65,Saas Fee,Europe, Switzerland,1800,3573,100.0,20.0,60.0,20.0,5.0,23.0,69.0, 2021-07-17,2022-04-24, mid July,late April, 08:30,16:00
66,Plose   Brixen (Bressanone),Europe, Italia,1067,2505,42.5,19.5,9.5,13.5,,7.0,52.0, 2021-12-04,2022-04-18, early December,late March, 08:45,16:30
67,First   Grindelwald,Europe, Switzerland,1050,2500,49.0,30.0,11.0,8.0,4.0,10.0,64.0, 2021-12-11,2022-04-18, early December,late April, 08:30,16:15
68,Ruka,Europe, Finland,291,492,18.9,9.1,7.0,2.8,,16.0,46.5, 2021-10-08,2022-05-08, early October,early April, 09:30,19:00
69,Ylläs,Europe, Finland,200,718,55.0,21.0,28.0,6.0,,26.0,47.0, 2021-11-20,2022-05-01, late November,early May, 09:30,17:00
70,Hinterstoder   Höss,Europe, Austria,600,2000,39.9,12.0,18.0,9.9,,14.0,51.0, 2021-12-03,2022-04-10, early December,early May, 08:30,16:30
71,of Hemavan,Europe, Sweeden,470,1135,30.0,19.0,9.0,2.0,,10.0,42.0, 2021-11-20,2022-05-01, early November,early April, 09:00,17:00
72,Kvitfjell,Europe, Norway,178,1032,39.0,21.5,12.5,5.0,,11.0,48.0, 2021-11-06,2022-04-24, late October,early April, 09:30,16:00
73,Kreischberg,Europe, Deutschland,868,2118,42.5,17.5,16.0,9.0,,13.0,52.0, 2021-12-04,2022-04-03, early December,late April, 08:30,16:00
74,Kühtai,Europe, Austria,1938,2520,46.9,9.3,26.8,10.8,,12.0,44.0,,, late November,mid April, 09:00,16:00
75,Idre Fjäll,Europe, Sweeden,588,890,41.0,17.0,22.0,2.0,,22.0,43.0, 2021-10-22,2022-04-24, late October,late April, 09:00,16:30
76,Espace Lumière   Pra Loup/Val d’Allos,Europe, France,1608,2576,180.0,56.0,93.5,30.5,,31.0,41.0, 2021-12-04,2022-04-18, mid December,mid April, 09:00,17:00
77,Pitztal Glacier (Pitztaler Gletscher),Europe, Austria,2685,3440,21.0,4.0,16.0,1.0,,6.0,53.0, 2021-09-18,2022-05-08, mid September,mid April, 08:30,16:00
78,Bansko,Europe, Bulgaria,990,2560,48.2,20.0,24.5,3.7,8.1,14.0,36.0, 2021-12-03,2022-04-18, early December,mid April, 08:30,17:00
79,Ehrwalder Alm   Ehrwald,Europe, Austria,1112,1923,27.5,18.1,7.4,2.0,,7.0,52.0, 2021-12-17,2022-04-18, mid December,early May, 08:00,16:30
80,Alpe Cermis   Cavalese,Europe, Italia,860,2250,24.0,10.0,9.0,5.0,,7.0,52.0, 2021-12-03,2022-04-18, late November,early May, 08:15,16:30
81,Hoch Ybrig   Unteriberg/Oberiberg,Europe, Switzerland,1040,1831,50.0,15.0,30.0,5.0,5.0,12.0,51.0, 2021-12-11,2022-04-18, early December,late April, 08:30,16:15
82,Myrkdalen,Europe, Norway,450,1060,29.0,12.5,12.0,4.5,,8.0,47.0, 2021-11-20,2022-05-01, mid November,late April, 09:30,16:00
83,Riesneralm   Donnersbachwald,Europe, Austria,973,1820,32.5,20.5,9.0,3.0,,7.0,44.0,,, early December,early April, 09:00,16:00
84,Brandnertal   Brand/Bürserberg,Europe, Austria,904,2000,52.0,23.0,28.0,1.0,13.0,14.0,53.0, 2021-12-04,2022-04-18, depending on snow conditions,late March, 08:30,16:30
85,Bad Kleinkirchheim,Europe, Austria,1087,2055,103.0,18.0,77.0,8.0,5.0,22.0,52.5, 2021-12-03,2022-04-03, early December,early April, 09:00,16:00
86,Brigels/Waltensburg/Andiast,Europe, Switzerland,1102,2418,40.0,11.0,26.0,3.0,,10.0,55.0, 2021-12-11,2022-04-03, mid December,early May, 08:30,16:00
87,Meiringen Hasliberg,Europe, Switzerland,1055,2433,60.0,20.0,34.0,6.0,,13.0,54.0, 2021-12-11,2022-04-18, mid December,early April, 08:30,16:15
88,La Clusaz/Manigod,Europe, France,1050,2485,125.0,67.0,42.0,16.0,,49.0,43.0, 2021-11-27,2022-04-24, mid December,mid April, 09:00,16:15
89,Grimentz/Zinal,Europe, Switzerland,1570,2900,115.0,26.5,58.6,29.9,,20.0,62.0, 2021-11-20,2022-04-24, mid November,early April, 09:00,16:30
90,Filzmoos,Europe, Austria,970,1591,20.0,9.0,10.0,1.0,,8.0,52.0, 2021-12-04,2022-04-10, early December,early April, 09:00,16:00
91,Ifen,Europe, Austria,1270,2030,22.6,12.0,6.9,3.7,1.2,4.0,52.5, 2021-12-17,2022-04-24, mid December,mid April, 08:30,16:00
92,Christlum   Achenkirch,Europe, Austria,950,1800,27.0,6.0,16.0,5.0,,11.0,49.0, 2021-12-03,2022-04-03, mid December,early May, 08:45,16:00
93,Loser   Altaussee,Europe, Austria,850,1800,34.0,21.0,12.0,1.0,,8.0,45.0, 2021-12-04,2022-04-18, early December,mid April, 09:00,16:00
94,Pyhä,Europe, Finland,220,500,11.4,5.0,4.4,2.0,,8.0,46.5, 2021-11-19,2022-05-01, mid November,early May, 09:30,18:00Limited opening times during the week
95,Golm,Europe, Deutschland,650,2100,26.7,13.3,11.9,1.5,17.9,9.0,51.5,,, early December,mid April, 08:15,16:00
96,Val Senales Glacier (Schnalstaler Gletscher),Europe, Italia,2011,3212,42.0,10.0,18.0,14.0,,11.0,48.0, 2021-09-17,2022-04-18, mid September,mid April, 09:00,16:30
97,Spieljoch   Fügen,Europe, Austria,650,2054,17.1,3.6,10.8,2.7,4.0,7.0,61.0, 2021-12-17,2022-04-03, early December,early May, 08:30,16:30
98,Sierra Nevada   Pradollano,Europe, España,2100,3282,107.0,50.0,49.0,7.8,,17.0,52.0, 2021-12-04,2022-04-18, late November,early May, 09:00,16:45
99,Sudelfeld   Bayrischzell,Europe, Deutschland,850,1563,31.1,9.8,16.6,4.7,1.9,12.0,42.0,,, depending on snow conditions,mid April, 08:30,16:30
100,Diedamskopf   Schoppernau,Europe, Austria,820,2060,40.0,13.0,18.0,9.0,,9.0,48.0,,, mid December,mid April, 08:45,16:15
101,Gargellen,Europe, Austria,1423,2300,28.1,20.8,5.3,2.0,5.5,8.0,51.0, 2021-12-03,2022-04-18, early December,early April, 08:30,16:00
102,Bergeralm   Steinach am Brenner,Europe, Austria,1048,2180,29.0,10.0,10.0,9.0,1.0,5.0,42.4, 2021-12-04,2022-04-18, mid December,early May, 08:30,16:30
103,Madrisa (Davos Klosters),Europe, Switzerland,1142,2602,26.0,6.9,9.9,9.2,6.0,7.0,57.0, 2021-12-17,2022-04-18, mid December,mid April, 08:15,16:00
104,Hovden,Europe, Sweeden,822,1183,34.4,19.1,13.2,2.1,,8.0,54.0, 2021-11-20,2022-05-01, mid November,early April, 09:30,15:30
105,Grosseck/Speiereck   Mauterndorf/St. Michael,Europe, Austria,1095,2400,50.0,26.0,17.0,7.0,,10.0,45.0, 2021-12-03,2022-04-18, early December,mid April, 09:00,16:30
106,Oberjoch (Bad Hindelang)   Iseler,Europe, Deutschland,1130,1559,32.0,6.0,24.0,2.0,6.0,5.0,42.0, 2021-12-04,2022-04-03, mid December,mid April, 08:30,16:15
107,Crans Montana,Europe, Switzerland,1510,2927,140.0,55.0,70.0,15.0,,19.0,82.0, 2021-11-13,2022-04-24, mid November,mid April, 08:45,16:15
108,See,Europe, Austria,1040,2456,41.0,8.0,25.0,8.0,,7.0,44.0, 2021-12-18,2022-04-18, mid December,early April, 08:30,16:00
109,Disentis,Europe, Switzerland,1227,2833,60.0,20.0,30.0,10.0,,12.0,57.0, 2021-12-11,2022-04-18, mid December,late March, 08:15,16:00
110,Meran 2000,Europe, Italia,1609,2350,40.0,12.0,25.0,3.0,,7.0,46.0, 2021-12-04,2022-03-20, early December,mid April, 09:00,17:00
111,Kappl,Europe, Austria,1180,2690,40.0,10.0,25.0,5.0,2.0,6.0,44.0, 2021-12-24,2022-04-18, mid December,early April, 08:30,16:00
112,Lachtal,Europe, Austria,1600,2222,26.2,7.2,16.0,3.0,10.0,10.0,47.0, 2021-12-04,2022-04-18, early December,mid April, 09:00,16:00
113,Hörnerbahn   Bolsterlang,Europe, Deutschland,894,1665,17.0,8.0,7.0,2.0,3.0,5.0,43.0, 2021-11-27,2022-04-18, late November,mid April, 08:30,16:00
114,Isola 2000,Europe, France,1800,2603,120.0,75.0,35.0,10.0,,20.0,35.0, 2021-12-04,2022-04-18, early December,early April, 09:00,17:00
115,Brévent/Flégère (Chamonix),Europe, France,1030,2525,56.0,11.0,25.0,20.0,,17.0,57.0, 2021-11-27,2022-04-24, early December,mid May, 08:50,16:30
116,Gerlitzen,Europe, Austria,1000,1911,45.1,9.1,30.0,6.0,15.0,20.0,52.0, 2021-12-03,2022-04-03, early December,early April, 08:15,17:00
117,Schwemmalm,Europe, Austria,1505,2625,20.5,6.3,11.7,2.5,5.0,6.0,43.5, 2021-12-04,2022-04-18, mid December,mid April, 08:30,17:00
118,Pal/Arinsal   La Massana (Vallnord),Europe, Andorra,1550,2560,63.0,31.0,24.0,8.0,,23.0,42.0, 2021-12-04,2022-04-18, early December,mid April, 09:00,17:00
119,Les Orres,Europe, France,1550,2720,100.0,30.0,60.0,10.0,,17.0,38.0, 2021-12-04,2022-04-18, mid December,early April, 09:00,16:30
120,Skeikampen   Gausdal,Europe, Norway,774,1123,21.0,8.0,11.0,2.0,,9.0,40.0, 2021-11-27,2022-04-18, mid November,early April, 09:30,16:00
121,of Hochficht,Europe, Austria,866,1338,20.1,9.1,10.0,1.0,3.0,9.0,42.0, 2021-12-03,2022-03-27, mid December,early April, 08:30,16:00
122,Grossglockner Heiligenblut,Europe, Austria,1301,2989,55.0,20.0,34.0,1.0,11.5,12.0,48.0, 2021-12-10,2022-04-03, early December,late April, 09:00,16:00
123,Zettersfeld   Lienz,Europe, Austria,1660,2278,21.0,7.9,11.5,1.6,2.7,6.0,52.0, 2021-12-08,2022-03-27, early December,mid April, 09:00,16:00
124,Bardonecchia,Europe, Italia,1312,2800,100.0,54.0,38.0,8.0,,17.0,38.0, 2021-11-27,2022-04-18, early December,mid April, 09:00,17:00
125,Chamrousse,Europe, France,1400,2250,90.0,45.0,35.0,10.0,,15.0,36.5, 2021-12-03,2022-04-18, early December,early April, 09:00,17:00
126,Orcières Merlette 1850,Europe, France,1850,2725,100.0,55.0,38.0,7.0,,28.0,37.0, 2021-12-04,2022-04-24, mid December,late April, 09:00,16:30
127,Cerler,Europe, España,1505,2630,81.0,37.0,29.0,15.0,,13.0,46.5, 2021-12-04,2022-04-18, early December,mid April, 09:00,16:30
128,Pfelders (Moos in Passeier),Europe, Italia,1601,2502,18.0,5.0,9.0,4.0,3.0,4.0,40.0, 2021-12-04,2022-04-24, early December,early April, 09:00,16:30
129,Savognin,Europe, Switzerland,1200,2713,73.5,32.5,38.0,3.0,,12.0,56.0, 2021-12-18,2022-04-03, early December,early April, 08:30,16:00
130,Grüsch Danusa,Europe, Switzerland,600,1800,32.0,6.0,20.0,6.0,,6.0,51.0, 2021-12-04,2022-04-03, late November,mid April, 08:30,16:45
131,Rosa Khutor,Europe, Russia,940,2509,102.0,62.0,24.0,16.0,,27.0,38.0, 2021-12-11,2022-04-18, early December,late May, 08:45,15:45
132,Auron (Saint Etienne de Tinée),Europe, France,1600,2450,135.0,58.0,45.0,32.0,,16.0,35.0, 2021-12-11,2022-03-20, early December,late March, 09:00,17:00
133,Gemsstock   Andermatt,Europe, Switzerland,1444,2961,31.0,0.0,14.0,17.0,6.0,4.0,82.0, 2021-10-30,2022-05-01, late October,early May, 08:30,16:00
134,Rosshütte   Seefeld,Europe, Austria,1230,2064,12.3,6.3,4.1,1.9,,14.0,48.0,,, early December,late March, 08:30,16:30
135,Saint Lary Soulan,Europe, France,1597,2515,100.0,60.0,30.0,10.0,,26.0,45.0, 2021-12-03,2022-04-03, early December,early March, 09:00,17:30
136,Vent,Europe, Austria,1900,2646,15.0,5.0,10.0,0.0,,4.0,39.5, 2021-12-18,2022-04-18, late February,early April, 09:30,16:00
137,Splügen   Tambo,Europe, Switzerland,1484,2215,30.0,12.0,12.0,6.0,,7.0,48.0, 2021-12-04,2022-03-27, early December,mid April, 08:30,16:00
138,Malbun,Europe, Liechtenstein,1600,2000,23.0,11.0,9.0,3.0,,7.0,45.0, 2021-12-11,2022-04-18, mid December,early May, 08:30,16:00
139,Grands Montets   Argentière (Chamonix),Europe, France,1252,2765,29.0,6.0,9.0,14.0,,8.0,57.0, 2021-11-20,2022-05-01, depending on snow conditions,late March, 08:30,16:40
140,Ordino Arcalís,Europe, Andorra,1940,2625,30.0,13.0,14.0,3.0,,15.0,39.5, 2021-12-04,2022-04-18, depending on snow conditions,late April, 09:00,16:45
141,Garmisch Classic   Garmisch Partenkirchen,Europe, Deutschland,740,2050,40.0,12.0,18.0,10.0,3.0,18.0,47.5, 2021-12-11,2022-04-03, early December,late April, 08:30,16:15
142,Venet   Landeck/Zams/Fliess,Europe, Austria,780,2212,22.0,6.0,15.0,1.0,2.0,7.0,40.5, 2021-12-18,2022-03-27, mid December,early April, 09:00,16:20
143,Bellwald,Europe, Switzerland,1600,2558,36.0,9.0,21.0,6.0,3.0,5.0,51.0, 2021-12-11,2022-04-18, mid December,late April, 09:00,16:15
144,Ax 3 Domaines   Ax les Thermes,Europe, France,1380,2346,80.0,40.0,25.0,15.0,,19.0,38.5, 2021-12-04,2022-04-24, mid December,mid April, 09:00,17:00
145,Le Grand Bornand,Europe, France,1000,2100,86.0,49.0,29.0,8.0,,24.0,39.3, 2021-12-04,2022-04-24, early December,late April, 09:00,17:00
146,Villars/Gryon/Les Diablerets,Europe, Switzerland,1224,2120,84.0,43.0,38.0,3.0,,25.0,65.0, 2021-12-04,2022-04-18, early December,mid April, 08:30,16:30
147,Puy Saint Vincent,Europe, France,1407,2677,75.0,28.0,34.0,13.0,,12.0,35.5, 2021-12-18,2022-04-18, mid December,mid April, 09:00,16:00
148,Valfréjus,Europe, France,1550,2737,70.0,40.0,20.0,10.0,,8.0,33.0, 2021-12-04,2022-04-18, mid December,mid April, 09:00,16:00
149,Spitzingsee Tegernsee,Europe, Deutschland,980,1580,14.7,2.2,8.2,4.3,,10.0,37.0,,, early December,late April, 08:30,16:20
150,Rifflsee,Europe, Austria,1640,2800,19.0,4.0,10.0,5.0,,6.0,40.0, 2021-12-11,2022-04-18, early December,late April, 09:00,16:00
151,Tatranská Lomnica,Europe, Slovakia,888,2190,11.8,5.4,5.2,1.2,0.4,8.0,49.0, 2021-11-27,2022-04-24, early December,early April, 08:30,15:30
152,Werfenweng,Europe, Austria,902,1834,29.0,13.0,15.0,1.0,,9.0,44.0, 2021-12-04,2022-04-18, depending on snow conditions,late March, 08:30,16:00
153,Bormio   Cima Bianca,Europe, Italia,1225,3012,50.0,14.0,34.0,2.0,,11.0,44.0, 2021-11-27,2022-04-24, early December,mid April, 08:30,17:00
154,Belalp   Blatten,Europe, Switzerland,1322,3118,60.0,20.0,20.0,20.0,9.0,11.0,54.0, 2021-12-11,2022-04-18, mid December,late March, 09:00,16:00
155,Walmendingerhorn/Heuberg   Mittelberg/Hirschegg,Europe, Austria,1070,1946,33.7,19.5,11.9,2.3,4.6,14.0,52.5, 2021-12-17,2022-04-18, early December,early April, 08:30,16:00
156,Piau Engaly,Europe, France,1408,2528,65.0,35.0,22.0,8.0,,11.0,38.5, 2021-12-11,2022-04-17, early December,mid March, 09:00,17:00
157,Grächen,Europe, Switzerland,1619,2864,44.0,9.0,33.0,2.0,,11.0,52.0, 2021-12-18,2022-04-18, mid December,late May, 08:30,16:00
158,Lavarone,Europe, Italia,1174,1600,30.4,22.4,6.0,2.0,,8.0,37.0, 2021-12-04,2022-03-27, early December,mid March, 09:00,16:30
159,Riksgränsen,Europe, Sweeden,520,909,21.0,10.0,10.0,1.0,,6.0,40.0, 2022-02-25,2022-05-22, late February,early April, 09:00,16:00
160,Muttereralm   Mutters/Götzens,Europe, Austria,920,1800,16.0,7.0,8.0,1.0,,4.0,38.5, 2021-12-11,2022-03-27, mid December,mid April, 09:00,16:00
161,Wurzeralm   Spital am Pyhrn,Europe, Austria,810,1870,22.5,10.5,10.0,2.0,,8.0,48.0, 2021-12-04,2022-04-03, early December,mid April, 08:30,16:30
162,Anzère,Europe, Switzerland,1500,2420,58.0,12.0,37.0,9.0,6.0,10.0,54.0, 2021-12-11,2022-04-18, mid December,mid April, 08:45,16:00
163,Kopaonik,Europe, Serbia,1057,2017,55.0,30.0,19.0,6.0,,23.0,33.0, 2021-12-03,2022-04-18, early December,mid April, 08:30,15:30
164,La Norma,Europe, Italia,1350,2750,65.0,17.0,43.0,5.0,,12.0,33.0, 2021-12-11,2022-04-18, mid December,early May, 09:00,16:30
165,Aprica,Europe, Italia,1162,2270,50.0,28.3,14.0,7.7,,11.0,42.0, 2021-11-27,2022-04-18, early December,early April, 08:10,16:30
166,Bukovel,Europe, Ukraine,859,1372,68.0,29.0,28.0,11.0,,16.0,35.0, 2021-11-27,2022-05-01, late November,late April, 08:30,19:30
167,Peyragudes,Europe, France,1600,2400,60.0,30.0,26.0,4.0,,16.0,42.0, 2021-12-11,2022-04-17, early December,early April, 09:00,16:45
168,Donovaly (Park Snow),Europe, Slovakia,914,1361,11.0,5.0,5.9,0.1,,16.0,32.0, 2021-12-04,2022-04-03, early December,early April, 08:30,15:30
169,Fanningberg,Europe, Austria,1497,2115,24.0,11.1,5.8,7.1,0.8,5.0,45.0, 2021-12-04,2022-04-18, early December,early May, 09:00,16:00
170,Hahnenkamm   Höfen/Reutte,Europe, Austria,854,1900,16.0,5.0,9.0,2.0,,4.0,38.5, 2021-12-04,2022-04-18, mid December,early April, 08:30,16:00
171,Nebelhorn   Oberstdorf,Europe, Deutschland,828,2224,11.9,2.8,5.1,4.0,,6.0,52.5, 2021-12-10,2022-05-01, mid December,early April, 08:30,16:30
172,Balderschwang   Hochschelpen/Riedberger Horn,Europe, Deutschland,1000,1500,34.0,15.2,13.8,5.0,2.2,13.0,34.0, 2021-12-04,2022-04-18, mid December,mid April, 09:00,16:00
173,Ankogel   Mallnitz,Europe, Austria,1266,2636,12.8,2.8,5.0,5.0,,5.0,50.0, 2021-12-18,2022-04-18, mid December,mid April, 08:30,16:30
174,Aussois,Europe, France,1500,2750,55.0,30.0,22.0,3.0,,7.0,32.0, 2021-12-11,2022-04-18, mid December,early April, 09:00,17:00
175,Pila,Europe, Poland,1540,2740,50.3,8.3,35.5,6.5,,12.0,46.0, 2021-12-04,2022-04-18, late November,early April, 08:30,16:45
176,Arêches (Beaufort),Europe, France,1080,2300,50.0,15.0,20.0,15.0,,12.0,32.0, 2021-12-18,2022-04-18, mid December,early April, 09:00,16:30
177,Sörenberg   Rothorn/Dorf,Europe, Switzerland,1100,2350,60.0,30.0,15.0,15.0,,16.0,50.0, 2021-12-11,2022-03-27, mid December,early April, 08:30,16:30
178,Luz Ardiden,Europe, France,1680,2500,60.0,25.0,30.0,5.0,,7.0,36.0, 2021-12-18,2022-04-03, early December,late March, 09:00,17:00
179,Riserva Bianca   Limone Piemonte,Europe, Italia,1046,2060,52.0,7.0,28.0,17.0,,14.0,35.0, 2021-11-27,2022-04-18, mid December,late March, 09:00,16:00
180,Laterns   Gapfohl,Europe, Austria,1040,1785,27.0,8.0,15.0,4.0,11.0,5.0,39.0, 2021-12-04,2022-03-27, late November,early May, 08:45,16:15
181,Alpenpark Neuss,Europe, Deutschland,60,110,0.4,0.3,0.1,0.0,,3.0,45.0, Year-round__,, Year-round__,early April, 08:30,21:00
182,Bürchen/Törbel   Moosalp,Europe, Switzerland,1480,2550,25.0,5.0,15.0,5.0,,9.0,45.0, 2021-12-18,2022-03-20, mid December,late April, 09:00,16:00
183,Gålå,Europe, Norway,800,1148,19.0,13.0,5.0,1.0,,7.0,40.0, 2021-11-27,2022-04-18, mid November,depending on snow conditions, 09:00,16:00
184,Ramsau am Dachstein   Rittisberg,Europe, Austria,1035,1636,25.0,14.0,10.0,1.0,,9.0,39.5, 2021-12-08,2022-03-27, mid December,early April, 09:00,16:00
185,Grebenzen   St. Lambrecht,Europe, Austria,1010,1870,12.2,2.9,9.0,0.3,13.0,8.0,38.0, 2021-12-11,2022-04-03, early December,early April, 09:00,16:00
186,Jahorina,Europe, Bosnia,1300,1916,47.0,20.0,15.0,12.0,,12.0,28.0, 2021-11-27,2022-04-24, early December,early April, 09:00,16:00
187,Sainte Foy Tarentaise,Europe, France,1550,2620,43.0,10.0,27.0,6.0,,4.0,33.4, 2021-12-11,2022-04-18, mid December,late March, 09:00,17:00
188,Melchsee Frutt (Kerns),Europe, Switzerland,1080,2225,36.0,20.0,6.0,10.0,,11.0,51.0, 2021-12-18,2022-04-10, mid December,early April, 08:25,17:30
189,Monte Popolo   Eben im Pongau,Europe, Austria,862,1612,6.0,4.0,2.0,0.0,,4.0,41.0, 2021-12-11,2022-03-27, mid December,late March, 08:30,16:00
190,Söllereck   Oberstdorf,Europe, Deutschland,820,1450,13.4,7.2,6.2,0.0,,5.0,42.5, 2021-12-17,2022-04-03, mid December,early April, 09:00,16:00
191,Keilberg (Klínovec),Europe, Czech_Republic,763,1244,31.5,17.3,10.5,3.7,,16.0,34.0, 2021-12-11,2022-04-03, early December,depending on snow conditions, 08:30,16:00
192,Feuerkogel   Ebensee,Europe, Austria,443,1625,10.6,6.5,3.1,1.0,6.0,8.0,42.3, 2021-12-18,2022-04-03, mid December,late March, 08:30,16:00
193,Buchensteinwand (Pillersee)   St. Ulrich am Pillersee/St. Jakob in Haus/Hochfilzen,Europe, Austria,855,1456,21.2,8.0,10.2,3.0,2.5,9.0,40.0, 2021-12-17,2022-04-03, late December,early April, 09:00,16:00
194,Goldeck   Spittal an der Drau,Europe, Austria,547,2142,25.0,8.0,8.5,8.5,,5.0,44.0, 2021-12-17,2022-04-03, mid December,late April, 09:00,16:00
195,Super Sauze,Europe, France,1400,2450,65.0,35.0,20.0,10.0,,21.0,31.0, 2021-12-04,2022-04-18, mid December,early April, 09:00,17:00
196,Les Karellis,Europe, France,1600,2520,60.0,26.0,25.0,9.0,,16.0,29.5, 2021-12-11,2022-04-18, mid December,late April, 09:00,16:30
197,Saint Luc/Chandolin (Anniviers),Europe, Switzerland,1655,2980,60.0,20.0,30.0,10.0,,12.0,54.0, 2021-12-18,2022-04-24, mid December,mid April, 09:00,16:15
198,Gourette (Eaux Bonnes),Europe, France,1350,2450,35.0,18.0,13.0,4.0,,9.0,38.0, 2021-12-11,2022-04-03, early December,early April, 08:45,17:00
199,Voss Resort,Europe, Scotland,284,964,45.0,25.0,8.0,12.0,3.0,11.0,47.0, 2021-12-04,2022-04-24, early December,depending on snow conditions, 09:30,16:00
200,Les Angles,Europe, France,1600,2376,55.0,22.0,23.0,10.0,,17.0,41.5, 2021-11-27,2022-04-10, late November,late April, 09:00,16:00
201,Leysin,Europe, Switzerland,1250,2205,60.0,43.0,15.0,2.0,,13.0,51.0, 2021-12-11,2022-04-18, late November,late March, 09:00,16:30
202,Le Lioran,Europe, France,1160,1850,60.0,30.0,20.0,10.0,,17.0,33.5, 2021-12-18,2022-04-03, depending on snow conditions,early April, 09:00,17:00
203,Vals 3000   Dachberg,Europe, Switzerland,1286,2941,25.0,5.0,15.0,5.0,,5.0,30.0, 2021-12-18,2022-04-18, mid December,late March, 09:00,16:30
204,Gschwandtkopf   Seefeld,Europe, Austria,1200,1500,6.1,6.1,0.0,0.0,,11.0,48.0,,, early December,late April, 09:00,16:00
205,SnowWorld Landgraaf,Europe, Netherlands,150,210,1.5,0.7,0.5,0.3,,4.0,48.5, Year-round__,, Year-round__,mid April, 09:00,23:00
206,Ochsenkopf,Europe, Austria,659,1024,4.7,2.4,2.3,0.0,,4.0,22.0, 2021-12-18,2022-03-20, mid December,mid May, 09:00,16:00
207,Gazprom Mountain Resort,Europe, Russia,949,2256,52.8,17.3,26.3,9.2,,23.0,38.0, 2021-12-11,2022-04-18, early December,mid March, 09:00,16:30
208,Jungholz,Europe, France,1058,1500,10.0,7.0,3.0,0.0,,7.0,34.5, 2021-11-13,2022-04-03, depending on snow conditions,mid March, 09:00,16:00
209,Nordkette   Innsbruck,Europe, Austria,860,2256,13.9,0.5,13.0,0.4,5.0,5.0,40.0, 2021-12-11,2022-04-18, late November,depending on snow conditions, 08:30,17:30
210,Lipno,Europe, Czech_Republic,710,900,13.5,10.9,2.1,0.5,,4.0,31.0, 2021-12-11,2022-03-27, early December,mid April, 08:30,16:00
211,Oppdal,Europe, Norway,585,1300,56.0,40.0,7.0,9.0,,17.0,47.0, 2021-11-27,2022-04-18, mid November,late April, 10:00,16:00
212,Valchiavenna   Madesimo/Campodolcino,Europe, Italia,1550,2948,37.0,15.0,19.0,3.0,,12.0,43.0, 2021-11-27,2022-04-19, late November,mid April, 09:00,16:30
213,Krasnaya Polyana Resort,Europe, Russia,960,2172,30.0,7.5,20.0,2.5,,13.0,45.0, 2021-12-18,2022-05-01, early December,late March, 09:00,16:00
214,Oberaudorf   Hocheck,Europe, Deutschland,476,900,8.0,3.0,4.0,1.0,2.0,5.0,25.0, 2021-12-18,2022-03-13, early December,mid April, 09:00,16:30
215,Snow Dome Bispingen,Europe, Deutschland,82,122,0.3,0.3,0.0,0.0,,2.0,37.0, Year-round__,, Year-round__,late April, 09:00,21:00Limited opening times during the week
216,Winterberg (Skiliftkarussell),Europe, Deutschland,630,820,27.5,14.0,12.0,1.5,,20.0,39.0, 2021-12-11,2022-04-18, mid December,early April, 09:00,16:30
217,Zauberberg Semmering,Europe, Austria,985,1350,14.0,6.5,6.5,1.0,,2.0,36.0, 2021-12-04,2022-03-27, depending on snow conditions,late March, 08:30,16:00
218,Santa Caterina Valfurva,Europe, Italia,1722,2880,20.5,1.4,15.5,3.6,,6.0,44.0, 2021-11-27,2022-04-18, early December,mid March, 08:30,16:30
219,Rangger Köpfl   Oberperfuss,Europe, Austria,820,2000,13.0,7.0,4.0,2.0,,5.0,33.0, 2021-12-18,2022-04-03, depending on snow conditions,late April, 08:30,16:30
220,Abetone/Val di Luce,Europe, Italia,1240,1892,44.1,14.2,28.6,1.3,,15.0,40.0, 2021-12-11,2022-04-03, early December,late April, 09:00,17:00
221,Piani di Bobbio,Europe, Italia,1340,1950,35.0,15.0,10.0,10.0,,8.0,35.0, 2021-12-04,2022-04-18, late November,early April, 08:30,16:30
222,Mariborsko Pohorje   Maribor,Europe, Slovenia,325,1327,41.5,23.5,13.0,5.0,,22.0,33.0, 2021-12-11,2022-04-03, mid December,early April, 09:00,16:00
223,Praz de Lys/Sommand (Taninges/Mieussy),Europe, France,1240,1966,55.0,29.0,20.0,6.0,,23.0,30.0, 2021-12-17,2022-04-10, mid December,early April, 09:00,16:00
224,Le Lys   Cauterets,Europe, France,1730,2415,36.0,21.0,12.0,3.0,,8.0,38.5, 2021-12-04,2022-04-18, early December,late March, 09:00,16:00
225,Stuhleck   Spital am Semmering,Europe, Austria,777,1774,26.0,20.0,6.0,0.0,,11.0,47.5, 2021-12-04,2022-04-18, depending on snow conditions,late March, 08:30,16:00
226,Watles   Malles Venosta (Mals),Europe, Italia,1750,2500,18.0,4.0,13.0,1.0,4.5,3.0,46.0, 2021-12-18,2022-04-18, mid December,early April, 09:00,16:00
227,Hochkössen (Unterberghorn)   Kössen,Europe, Austria,619,1690,22.7,10.5,9.2,3.0,1.0,12.0,41.0,,, early December,late March, 09:00,16:00
228,Beitostølen Skisenter,Europe, Norway,900,1107,12.0,9.0,3.0,0.0,,7.0,44.0, 2021-11-20,2022-04-24, early November,late March, 09:30,15:30
229,Leukerbad,Europe, Switzerland,1411,2610,47.5,3.5,27.0,17.0,6.0,13.0,54.0, 2021-12-04,2022-04-18, early December,early April, 08:45,16:20
230,Mythenregion,Europe, Switzerland,1070,1593,50.0,18.0,31.0,1.0,,15.0,43.0, 2021-12-04,2022-03-27, early December,early April, 08:30,16:15
231,Candanchú,Europe, España,1514,2236,50.0,15.8,18.3,15.9,11.2,21.0,45.0, 2021-12-04,2022-04-18, early December,late March, 09:00,17:00
232,Zoncolan   Ravascletto/Sutrio,Europe, Italia,900,1970,22.0,9.0,8.0,5.0,,7.0,39.5, 2021-12-11,2022-04-03, early December,mid April, 08:30,16:00
233,Lélex/Crozet,Europe, France,900,1680,20.7,5.4,13.2,2.1,,10.0,32.0, 2021-12-18,2022-03-27, mid December,early May, 08:30,17:00
234,Thollon les Mémises,Europe, France,1000,2000,48.0,20.0,28.0,0.0,,14.0,25.5, 2021-12-18,2022-03-27, mid December,early April, 09:00,17:00
235,Patscherkofel   Innsbruck Igls,Europe, Austria,1009,1965,19.0,5.0,10.0,4.0,,5.0,40.0, 2021-12-03,2022-04-18, mid December,early June, 08:30,16:00
236,Vercorin,Europe, Switzerland,1341,2374,35.0,13.0,19.0,3.0,,9.0,51.0, 2021-12-18,2022-04-23, mid December,late March, 09:00,16:15
237,Porté Puymorens,Europe, France,1600,2471,50.0,21.0,20.0,9.0,,9.0,33.0, 2021-12-11,2022-04-17, early December,late March, 09:00,17:00
238,Štrbské Pleso,Europe, Slovakia,1376,1840,8.3,2.7,5.6,0.0,0.7,7.0,49.0, 2021-12-04,2022-04-24, early December,depending on snow conditions, 08:30,16:00
239,Willingen   Ettelsberg,Europe, Deutschland,578,838,16.0,7.0,9.0,0.0,,9.0,31.0, 2021-12-11,2022-03-20, early December,early Decemberlate December - early May, 08:30,16:30
240,Tarvisio   Monte Lussari,Europe, Italia,754,1752,24.0,9.0,11.0,4.0,,10.0,39.5, 2021-12-18,2022-03-27, early December,early April, 09:00,16:00
241,Valmalenco   Alpe Palù,Europe, Italia,1527,2353,23.3,10.4,8.1,4.8,,8.0,43.0, 2021-11-27,2022-04-18, late November,early April, 08:30,16:30
242,Krvavec,Europe, Slovenia,1450,1971,30.0,7.0,15.0,8.0,,11.0,35.0, 2021-12-04,2022-04-24, late November,mid April, 08:30,17:00
243,Luchon Superbagnères,Europe, France,1465,2125,32.0,16.0,10.0,6.0,,15.0,35.5, 2021-12-18,2022-03-27, depending on snow conditions,late March, 09:00,17:00
244,Alpe du Grand Serre   La Morte,Europe, France,1367,2184,55.0,36.0,17.0,2.0,,15.0,28.5, 2021-12-11,2022-04-18, mid December,early April, 09:00,16:45
245,Campo Felice   Rocca di Cambio,Europe, Italia,1411,1916,30.9,8.7,13.7,8.5,5.6,12.0,35.0, 2021-12-04,2022-04-03, early December,late March, 08:30,16:30
246,Innerkrems   Kremsbrücke (Krems in Kärnten),Europe, Austria,1550,2200,36.0,7.0,27.0,2.0,25.0,9.0,44.0, 2021-12-18,2022-04-18, early December,late March, 09:00,16:00
247,Braunwald,Europe, Switzerland,1250,1900,30.0,17.5,8.0,4.5,,9.0,45.0, 2021-12-18,2022-04-03, mid December,late March, 08:30,16:00
248,Neunerköpfle   Tannheim,Europe, Austria,1110,1820,8.5,2.5,5.0,1.0,1.0,5.0,42.0, 2021-12-11,2022-03-27, mid December,depending on snow conditions, 08:40,16:00
249,Füssener Jöchle   Grän,Europe, Austria,1150,1821,9.0,3.0,5.5,0.5,,5.0,42.0, 2021-12-11,2022-03-20, early December,late March, 09:00,16:30
250,Pamporovo,Europe, Bulgaria,1620,1926,29.6,17.6,6.5,5.5,,13.0,32.0, 2021-12-04,2022-04-18, early December,late March, 08:45,16:30
251,Jenner   Königssee (Schönau am Königssee),Europe, Deutschland,630,1800,11.0,3.6,7.4,0.0,,7.0,39.0, 2021-12-18,2022-04-03, mid December,late April, 09:30,16:30
252,Forni di Sopra,Europe, Italia,880,2073,13.0,4.5,7.0,1.5,,5.0,39.5, 2021-12-04,2022-03-27, early December,early April, 09:00,16:00
253,Artouste,Europe, France,1400,2100,27.0,8.0,15.0,4.0,,10.0,19.0, 2021-12-17,2022-03-27, depending on snow conditions,late March, 09:00,17:00
254,Präbichl   Vordernberg,Europe, Austria,1100,1608,20.0,6.0,11.0,3.0,,6.0,41.0, 2021-12-04,2022-04-03, early December,late March, 09:00,16:00
255,Koralpe,Europe, Austria,1522,2070,24.0,10.0,11.0,3.0,,6.0,35.0,,, early December,late March, 09:00,16:00
256,Evolène,Europe, Switzerland,1380,2680,42.0,2.0,34.0,6.0,,6.0,39.0, 2021-12-18,2022-04-18, mid December,early April, 08:30,16:00
257,Les Brasses,Europe, France,900,1500,30.0,15.0,12.0,3.0,,12.0,26.95, 2021-12-11,2022-03-27, late December,late April, 09:00,17:00
258,Zugspitze,Europe, Deutschland,2000,2720,20.0,7.0,13.0,0.0,,10.0,49.5, 2021-11-19,2022-05-01, mid November,early April, 08:30,16:45
259,Pröller Skidreieck (St. Englmar),Europe, Deutschland,720,1030,4.5,2.0,2.0,0.5,,3.0,23.0, 2021-12-18,2022-03-20, depending on snow conditions,mid April, 09:00,16:30
260,Geilo,Europe, Norway,800,1178,34.2,18.0,12.0,4.2,,19.0,48.0, 2021-11-20,2022-04-18, mid November,early April, 09:30,16:30
261,Kasberg   Grünau im Almtal,Europe, Austria,620,1600,23.0,13.0,8.0,2.0,,10.0,43.0, 2021-12-04,2022-04-03, early December,depending on snow conditions, 09:00,16:30
262,Pralognan la Vanoise,Europe, France,1410,2355,26.0,7.0,17.0,2.0,,12.0,31.5, 2021-12-04,2022-04-24, mid December,early April, 09:00,16:30
263,Bonneval sur Arc,Europe, France,1850,3000,32.0,9.0,19.5,3.5,,10.0,29.8, 2021-12-17,2022-04-24, mid December,late March, 09:00,16:00
264,Hoch Imst   Imst,Europe, Austria,1053,2026,9.0,4.0,3.0,2.0,,4.0,34.0, 2021-12-04,2022-03-20, mid December,mid March, 09:00,16:00
265,La Colmiane,Europe, France,1450,1800,30.0,21.0,6.0,3.0,,7.0,22.0, 2021-12-04,2022-03-20, early December,early April, 09:00,17:00
266,Stari Vrh,Europe, Slovenia,580,1217,12.0,4.0,6.0,2.0,,4.0,28.0, 2021-12-18,2022-03-20, early December,early April, 09:00,15:10
267,Cerkno,Europe, Slovenia,935,1287,18.0,9.0,6.0,3.0,,8.0,33.0, 2021-12-18,2022-03-20, mid December,early April, 09:00,16:00
268,Borovets,Europe, Bulgaria,1300,2560,58.0,24.0,29.0,5.0,,13.0,32.0, 2021-12-04,2022-04-18, depending on snow conditions,late April, 08:30,16:30
269,Schetteregg   Egg,Europe, Austria,1070,1325,11.0,4.0,6.0,1.0,,6.0,35.5, 2021-12-04,2022-03-20, early December,mid March, 09:00,16:00
270,Gérardmer   La Mauselaine,Europe, France,770,1140,40.0,24.0,14.0,2.0,,19.0,28.9, 2021-12-18,2022-03-21, mid December,depending on snow conditions, 09:00,17:00
271,Macugnaga,Europe, Italia,1327,3000,29.5,5.1,21.8,2.6,,7.0,27.0, 2021-11-27,2022-04-24, mid December,early May, 09:00,16:00
272,Petzen   Feistritz ob Bleiburg,Europe, Austria,650,1900,13.7,7.2,5.9,0.6,3.7,6.0,35.0, 2021-12-11,2022-04-03, early December,late March, 09:00,16:00
273,Vitosha   Sofia,Europe, Bulgaria,1340,2290,20.0,12.0,6.0,2.0,,15.0,20.0, 2021-12-11,2022-04-18, early December,late March, 09:00,16:00
274,Nevis Range,Europe, United Kingdom,655,1221,20.0,7.0,10.0,3.0,,12.0,42.0, 2021-12-18,2022-04-18, mid December,early April, 09:30,16:30
275,Narvikfjellet   Narvik,Europe, Norway,100,1003,20.0,8.0,10.0,2.0,,5.0,41.0, 2021-12-11,2022-05-15, late November,late March, 13:00,20:00
276,Mijoux/La Faucille,Europe, France,1000,1533,15.2,3.0,11.9,0.3,,6.0,32.0, 2021-12-18,2022-03-27, mid December,mid March, 09:00,17:00
277,Gressoney Saint Jean   Weissmatten,Europe, Italia,1348,2023,12.0,6.0,4.0,2.0,,2.0,28.0, 2021-12-18,2022-04-18, early December,mid March, 09:00,16:30
278,Arnoldstein   Dreiländereck,Europe, Austria,680,1600,17.0,5.7,7.6,3.7,,8.0,38.5, 2021-12-11,2022-03-27, late December,mid April, 08:30,15:00
279,Piancavallo,Europe, Italia,1245,1865,17.0,3.5,12.0,1.5,,6.0,39.5, 2021-12-04,2022-04-03, early December,late March, 08:30,16:00
280,Gemeindealpe   Mitterbach am Erlaufsee,Europe, Austria,800,1626,15.5,7.0,7.0,1.5,,4.0,38.0, 2021-12-04,2022-03-27, mid December,early April, 09:00,16:00
281,Bürgeralpe   Mariazell,Europe, Austria,864,1267,14.0,9.5,3.0,1.5,,5.0,38.0, 2021-12-08,2022-03-20, early December,late March, 09:00,16:30
282,La Pierre Saint Martin,Europe, France,1527,2153,25.0,13.4,10.0,1.6,,10.0,36.5, 2021-12-18,2022-04-18, mid December,early April, 08:30,16:30
283,Belchen,Europe, Deutschland,1094,1356,8.0,6.0,2.0,0.0,8.0,2.0,26.0, 2021-12-18,2022-03-27, depending on snow conditions,early April, 09:15,17:00
284,Geißkopf   Bischofsmais,Europe, Deutschland,835,1116,8.0,1.8,5.3,0.9,,6.0,27.0, 2021-12-18,2022-03-20, mid December,mid March, 08:30,16:30
285,Rofan   Maurach,Europe, Austria,985,1840,11.0,1.0,8.0,2.0,,3.0,34.5, 2021-12-18,2022-04-18, mid December,mid March, 08:30,16:45
286,Passo dello Stelvio (Stelvio Pass),Europe, Italia,2760,3450,9.0,8.0,1.0,0.0,1.0,6.0,49.0, 2021-06-19,2021-10-31, late May,early April, 08:00,15:45
287,Gaissau Hintersee,Europe, Austria,750,1567,30.0,20.0,9.0,1.0,,8.0,41.0, 2021-12-11,2022-04-03, mid December,mid June, 09:00,16:00
288,Steibis   Imberg (Oberstaufen),Europe, Deutschland,859,1338,17.6,6.0,5.0,6.6,,12.0,39.0, 2021-12-04,2022-04-03, depending on snow conditions,depending on snow conditions, 09:00,16:30
289,Černá hora   Janské Lázně,Europe, Czech_Republic,600,1260,15.0,3.1,10.9,1.0,2.5,11.0,31.0, 2021-12-04,2022-04-03, early December,late March, 08:30,16:00
290,Bjorli,Europe, Norway,575,1250,19.9,13.1,3.0,3.8,,6.0,45.0, 2021-11-20,2022-04-24, early November,early April, 10:00,16:00
291,Arolla,Europe, Switzerland,2000,2980,47.0,20.0,18.0,9.0,,6.0,39.0, 2021-12-18,2022-04-18, late December,late April, 08:30,16:00
292,Gavarnie Gèdre (Les Espécières),Europe, France,1850,2322,32.0,16.0,12.0,4.0,,7.0,29.0, 2021-12-18,2022-03-13, mid December,early April, 09:00,17:00
293,Tornik   Zlatibor,Europe, Serbia,1100,1495,7.0,1.6,4.2,1.2,,4.0,19.0, 2021-12-04,2022-04-18, mid December,early April, 09:00,16:00
294,Karkogel   Abtenau,Europe, Austria,712,1200,9.0,4.4,1.6,3.0,,5.0,36.5, 2021-12-18,2022-03-20, mid December,early April, 08:30,16:00
295,Glenshee,Europe, United Kingdom,650,900,40.0,24.0,10.0,6.0,,21.0,37.0, 2021-12-18,2022-04-18, depending on snow conditions,early April, 08:30,17:00
296,Hochkar   Göstling,Europe, Austria,1380,1808,19.2,5.7,10.0,3.5,,8.0,40.0,,, early December,early April, 09:00,16:00
297,Bernex,Europe, France,1000,1912,19.0,8.0,7.0,4.0,,12.0,24.5, 2021-12-18,2022-03-27, mid December,early May, 08:45,16:45
298,Pelvoux/Vallouise,Europe, France,1250,2300,23.0,13.7,8.0,1.3,,7.0,23.5, 2021-12-11,2022-04-18, late December,late April, 09:00,16:50
299,Hündle/Thalkirchdorf (Oberstaufen),Europe, Deutschland,750,1210,18.0,10.1,7.3,0.6,2.5,9.0,34.0, 2021-12-11,2022-03-27, depending on snow conditions,early April, 09:00,16:30
300,Vogel   Bohinj,Europe, Slovenia,569,1800,22.0,9.5,12.5,0.0,,9.0,33.0, 2021-12-04,2022-04-24, early December,early April, 09:00,16:00
301,Steckenberg   Unterammergau,Europe, Deutschland,840,1050,8.0,2.0,5.0,1.0,,8.0,19.5, 2021-12-11,2022-03-20, mid December,early April, 08:30,16:30
302,Hochstein   Lienz,Europe, Austria,668,2023,16.0,0.5,11.3,4.2,,4.0,52.0, 2021-12-18,2022-03-13, mid December,mid March, 09:00,16:00
303,Obertilliach   Golzentipp,Europe, Austria,1430,2248,12.2,3.4,7.8,1.0,3.0,5.0,38.0, 2021-12-11,2022-04-18, mid December,early April, 09:00,16:00
304,Moléson,Europe, Switzerland,1100,2002,30.0,19.0,4.0,7.0,,5.0,32.0, 2021-12-11,2022-03-20, mid December,late March, 09:00,16:30
305,Marbach   Marbachegg,Europe, Switzerland,885,1500,10.0,5.0,4.6,0.4,,4.0,36.0, 2021-12-18,2022-03-20, mid December,late March, 08:30,16:45
306,Fendels,Europe, Austria,1325,2271,10.6,6.1,3.5,1.0,,6.0,41.0, 2021-12-11,2022-04-18, mid December,early March, 09:00,15:00
307,Glencoe Mountain,Europe, Scotland,360,1070,24.3,7.0,10.0,7.3,,9.0,41.0, 2021-12-18,2022-04-18, mid December,late April, 09:00,16:00
308,Plešivec   Abertamy,Europe, Czech_Republic,721,1028,12.0,10.0,1.1,0.9,,6.0,27.0, 2021-12-11,2022-03-27, mid December,mid March, 09:00,16:00
309,Vrådal,Europe, Norway,262,735,15.0,10.0,3.0,2.0,,5.0,43.0, 2021-12-18,2022-04-18, late November,early April, 10:00,16:00
310,Ancelle,Europe, France,1340,1807,30.0,16.0,12.0,2.0,,13.0,25.7, 2021-12-11,2022-03-20, mid December,mid April, 09:00,17:00
311,Corno alle Scale   Lizzano in Belvedere,Europe, Italia,1418,1945,14.0,5.0,7.0,2.0,,6.0,33.0, 2021-12-04,2022-04-18, early December,early April, 08:30,16:30
312,Vrátna,Europe, Slovakia,601,1532,15.0,2.0,9.0,4.0,,13.0,34.0, 2021-12-11,2022-04-03, early December,early April, 09:00,16:00
313,Kelchsau,Europe, Austria,775,1605,10.9,6.8,4.1,0.0,,4.0,30.5, 2021-12-24,2022-03-13, mid December,depending on snow conditions, 08:30,16:30
314,Poiana Brașov,Europe, Romania,941,1783,13.7,5.8,2.8,5.1,5.0,10.0,30.0, 2021-12-11,2022-04-18, early December,late March, 09:00,16:00
315,Kampenwand   Aschau im Chiemgau,Europe, Deutschland,626,1475,12.0,7.0,4.0,1.0,,4.0,32.0, 2021-12-25,2022-03-20, depending on snow conditions,mid March, 09:00,16:30
316,Zieleniec,Europe, Poland,811,1025,21.0,13.0,7.8,0.2,,28.0,24.0, 2021-12-03,2022-04-03, early December,mid April, 09:00,22:00
317,Ruzomberok Skipark,Europe, Slovakia,545,1209,12.0,3.0,7.5,1.5,,9.0,34.0, 2021-12-11,2022-03-27, early December,mid April, 08:30,16:00
318,Veľká Rača,Europe, Slovakia,652,1041,12.0,5.0,6.0,1.0,,6.0,34.0, 2021-12-11,2022-04-03, early December,early April, 09:00,16:00
319,Kanin   Sella Nevea/Bovec,Europe, Slovenia,1103,2292,10.5,4.2,6.3,0.0,,10.0,39.5, 2021-12-04,2022-05-01, early December,mid March, 09:00,16:00
320,La Bresse   Hohneck,Europe, France,872,1350,21.0,13.0,7.0,1.0,1.0,16.0,32.0, 2021-12-04,2022-04-03, mid December,late March, 09:00,17:00
321,Kranjska Gora,Europe, Slovenia,800,1215,20.0,10.0,8.0,2.0,,17.0,35.5, 2021-12-11,2022-03-27, early December,early April, 08:00,13:00
322,Panarotta 2002   Valsugana,Europe, Italia,1518,2002,18.0,6.0,6.0,6.0,,3.0,30.0, 2021-12-04,2022-04-03, early December,mid March, 08:30,16:00
323,Sattel   Hochstuckli,Europe, Switzerland,800,1491,12.0,6.0,6.0,0.0,2.0,5.0,36.0, 2021-12-04,2022-03-20, mid December,mid March, 09:00,16:15
324,Jöchelspitze   Bach,Europe, Austria,1200,1800,5.0,2.5,2.5,0.0,,2.0,42.0, 2021-12-18,2022-03-20, mid December,early April, 09:00,16:00
325,Cairngorm Mountain,Europe, United Kingdom,640,1230,32.0,24.0,6.0,2.0,,11.0,35.0, 2021-12-18,2022-05-01, late November,depending on snow conditions, 09:00,16:00
326,Oeschinensee   Kandersteg,Europe, Switzerland,1200,1680,12.0,5.8,6.2,0.0,,5.0,41.0, 2021-12-18,2022-03-20, mid December,early March, 09:00,17:00
327,Szklarska Poręba   Szrenica,Europe, Poland,707,1362,12.0,3.3,6.7,2.0,,8.0,25.0, 2021-12-04,2022-04-03, early December,late March, 08:30,16:00
328,Klövsjö/Storhogna,Europe, Sweeden,448,875,19.0,13.0,3.0,3.0,,14.0,53.0, 2021-11-27,2022-04-18, early November,late March, 09:00,16:00
329,Kasprowy Wierch   Zakopane,Europe, Poland,1014,1987,15.0,3.5,11.5,0.0,,4.0,28.0, 2021-12-18,2022-05-01, early December,late March, 09:00,16:00
330,Kellerjoch   Schwaz,Europe, Austria,1352,1887,14.0,9.5,2.4,2.1,1.0,3.0,34.0, 2021-12-18,2022-03-27, depending on snow conditions,late March, 09:00,16:00
331,Szymoszkowa,Europe, Poland,865,1126,4.0,2.0,2.0,0.0,,2.0,25.0, 2021-12-11,2022-04-03, early December,depending on snow conditions, 09:00,20:00
332,Pescasseroli,Europe, Italia,1235,1820,8.5,3.2,3.4,1.9,,5.0,28.0, 2021-12-11,2022-04-03, mid December,early April, 09:00,17:00
333,Klippitztörl,Europe, Austria,1460,1818,28.0,18.0,10.0,0.0,1.0,6.0,37.0, 2021-12-11,2022-04-18, early December,early April, 09:00,16:00
334,Planneralm   Donnersbach,Europe, Austria,1600,2000,15.0,2.0,11.0,2.0,3.0,5.0,44.0, 2021-12-04,2022-04-18, early December,early April, 09:00,16:00
335,Bivio,Europe, Switzerland,1769,2560,30.0,13.0,13.0,4.0,,4.0,40.0, 2021-12-18,2022-04-18, mid December,late March, 09:00,16:00
336,Śnieżka   Karpacz,Europe, Poland,820,1350,5.8,2.6,1.7,1.5,,6.0,22.0, 2021-12-04,2022-04-18, early December,mid March, 08:30,17:00
337,Bödele   Schwarzenberg,Europe, Austria,700,1467,25.0,9.0,12.0,4.0,5.6,12.0,35.7, 2021-12-04,2022-04-03, early December,mid March, 08:30,16:00
338,Ötscher   Lackenhof (Gaming),Europe, Austria,812,1426,15.5,5.3,6.6,3.6,,8.0,40.0,,, early December,late March, 08:00,16:00
339,Schattwald/Zöblen,Europe, Austria,1090,1565,10.3,4.5,3.7,2.1,,4.0,42.0, 2021-12-11,2022-03-20, early December,early April, 08:30,16:00
340,Unternberg (Ruhpolding),Europe, Deutschland,710,1417,2.5,1.5,1.0,0.0,3.6,4.0,24.0, 2021-12-18,2022-03-20, mid December,late March, 09:00,16:00
341,SnowWorld Zoetermeer,Europe, Netherlands,15,80,0.6,0.3,0.3,0.0,,6.0,48.5, Year-round__,, Year-round__,depending on snow conditions, 09:00,23:00
342,Todtnauberg,Europe, Deutschland,1000,1400,13.0,0.0,13.0,0.0,9.3,5.0,32.0, 2021-12-18,2022-03-27, mid December,late March, 09:00,16:30
343,Gresse en Vercors,Europe, France,1245,1751,20.0,8.0,7.0,5.0,,10.0,20.3, 2021-12-17,2022-03-27, mid December,mid March, 09:00,16:30
344,Hochrindl   Sirnitz,Europe, Austria,1540,1886,20.6,5.4,11.4,3.8,,7.0,36.0, 2021-12-18,2022-03-20, early December,late March, 09:00,16:00
345,Serles   Mieders,Europe, Austria,960,1674,5.7,2.2,3.5,0.0,,4.0,35.5, 2021-12-18,2022-03-20, mid December,late March, 09:00,16:30
346,Paseky nad Jizerou,Europe, Czech_Republic,620,860,10.3,6.5,3.8,0.0,,4.0,20.0, 2021-12-18,2022-03-20, early December,late March, 08:00,16:30
347,Hauereck   St. Kathrein am Hauenstein,Europe, Austria,1000,1305,5.0,2.0,2.0,1.0,,3.0,31.5, 2021-12-18,2022-03-20, early December,mid March, 09:00,16:00
348,Sappada,Europe, Italia,1223,2000,15.0,7.0,8.0,0.0,,10.0,39.5, 2021-12-04,2022-04-18, mid December,late March, 09:00,16:00
349,Galsterberg   Pruggern,Europe, Austria,1000,1976,12.0,4.0,7.0,1.0,2.0,4.0,50.5, 2021-12-08,2022-03-27, depending on snow conditions,early March, 08:30,16:15
350,Fuentes de Invierno,Europe, España,1487,1950,8.8,4.2,3.3,1.3,,4.0,27.0, 2021-12-04,2022-04-03, early December,late March, 09:00,16:45
351,Minschuns   Val Müstair Tschierv,Europe, Switzerland,2117,2700,25.0,17.0,5.0,3.0,,4.0,37.0, 2021-12-18,2022-03-20, mid December,mid March, 09:15,16:10
352,Vigiljoch (Monte San Vigilio)   Lana,Europe, Italia,1486,1814,3.4,1.4,2.0,0.0,,4.0,16.0, 2021-12-25,2022-03-06, depending on snow conditions,, 09:00,17:00Limited opening times during the week
353,Silberberg   Bodenmais,Europe, Deutschland,750,955,2.0,2.0,0.0,0.0,,2.0,20.0, 2021-12-18,2022-03-20, late December,, 09:00,16:00
354,Altastenberg,Europe, Deutschland,600,800,10.9,4.1,2.7,4.1,1.0,7.0,26.0, 2021-12-18,2022-03-13, mid December,, 09:00,16:30
355,Kirchdorf,Europe, Deutschland,640,780,5.0,5.0,0.0,0.0,,3.0,29.5, 2021-12-11,2022-03-20, mid December,, 10:00,16:00
356,Lac Blanc,Europe, Romania,868,1211,14.0,8.0,5.0,1.0,,9.0,25.5, 2021-12-11,2022-03-27, early December,, 09:00,16:45
357,Krinnenalpe   Nesselwängle,Europe, Austria,1150,1671,13.0,5.0,7.0,1.0,2.0,5.0,41.0, 2021-12-18,2022-03-20, mid December,, 09:10,16:20
358,Jaworzyna Krynicka,Europe, Poland,644,1114,8.4,0.9,6.5,1.0,,8.0,24.0, 2021-12-11,2022-03-27, early December,, 09:00,18:00
359,Pec pod Sněžkou,Europe, Czech_Republic,830,1215,13.0,5.1,7.4,0.5,,12.0,31.0, 2021-12-11,2022-04-03, early December,, 08:30,16:00
360,Pilsko   Korbielów,Europe, Poland,750,1557,8.0,2.0,5.0,1.0,,11.0,25.0, 2021-12-11,2022-03-27, early December,, 09:00,16:00
361,Zahmer Kaiser   Walchsee,Europe, Austria,600,1200,13.0,11.0,2.0,0.0,,3.0,28.0, 2021-12-18,2022-03-13, mid December,, 09:00,16:00
362,Kubínska hoľa,Europe, Slovakia,720,1396,14.0,2.0,10.0,2.0,,10.0,30.0, 2021-12-11,2022-04-03, mid December,, 08:30,15:30
363,Forsteralm   Waidhofen an der Ybbs,Europe, Austria,720,1078,16.0,10.0,4.0,2.0,,7.0,30.0, 2021-12-18,2022-03-13, depending on snow conditions,, 09:00,16:00
364,Fageralm   Forstau,Europe, Austria,930,1885,15.0,7.0,8.0,0.0,2.4,7.0,51.5, 2021-12-24,2022-04-18, late December,, 08:15,16:00
365,Ještěd   Liberec,Europe, Czech_Republic,540,1000,9.2,2.5,5.9,0.8,,9.0,27.0, 2021-12-04,2022-04-03, mid December,, 08:30,16:00
366,Annaberg,Europe, Czech_Republic,896,1300,12.5,8.0,2.5,2.0,,5.0,38.0, 2021-12-08,2022-03-27, mid December,, 09:00,16:00
367,Grimmialp,Europe, Switzerland,1230,1890,10.0,4.0,4.0,2.0,1.0,3.0,36.0, 2021-12-18,2022-03-20, mid December,, 09:00,16:15
368,Kranzberg   Mittenwald,Europe, Deutschland,980,1350,15.0,6.0,7.0,2.0,2.0,8.0,30.5, 2021-12-18,2022-03-20, mid December,, 09:00,16:30
369,Krippenstein   Obertraun,Europe, Austria,609,2109,12.0,3.0,9.0,0.0,30.0,7.0,44.5, 2021-12-24,2022-04-03, late December,, 08:30,16:00
370,Burglift   Stans,Europe, Austria,560,690,0.5,0.5,0.0,0.0,,2.0,21.0, 2021-12-25,2022-03-13, depending on snow conditions,, 09:30,16:00
371,Sternstein   Bad Leonfelden,Europe, Austria,814,1102,5.0,1.0,4.0,0.0,,2.0,36.0, 2021-12-18,2022-03-20, early December,, 08:30,16:15
372,Heutal   Unken,Europe, Austria,970,1531,11.0,6.0,5.0,0.0,2.5,4.0,29.0, 2021-12-18,2022-03-06, mid December,, 09:00,16:00
373,Hawrań   Jurgów,Europe, Poland,830,1046,4.6,1.3,2.3,1.0,,6.0,25.0, 2021-12-04,2022-04-03, early December,, 09:00,22:00
374,Hirnkopf   Flattnitz (Glödnitz),Europe, Austria,1400,1840,12.0,7.0,2.0,3.0,,4.0,32.0, 2021-12-18,2022-03-20, early December,, 09:00,16:00
375,Mörlialp   Giswil,Europe, Switzerland,1350,1850,14.0,5.0,6.0,3.0,,6.0,39.0, 2021-12-18,2022-03-20, early December,, 09:00,16:00
376,Grüntenlifte   Kranzegg (Rettenberg),Europe, Deutschland,900,1700,16.8,2.1,14.7,0.0,1.5,8.0,32.0,,, mid December,, 08:30,16:00
377,Heidbodme   Saas Almagell,Europe, Switzerland,1672,2400,12.0,4.0,8.0,0.0,,7.0,69.0, 2021-12-18,2022-04-18, mid December,, 09:00,16:00
378,Weinebene   Frantschach Sankt Gertraud,Europe, Austria,1580,1886,22.0,8.0,12.0,2.0,,8.0,31.0, 2021-12-11,2022-03-27, late December,, 09:00,16:00
379,Engstligenalp   Adelboden,Europe, Switzerland,1964,2362,17.0,7.0,6.0,4.0,,6.0,48.0, 2021-11-27,2022-05-01, mid December,, 09:00,16:30
380,Monte Terminillo,Europe, Italia,1506,1868,9.4,2.0,6.0,1.4,,4.0,28.0, 2021-12-11,2022-04-03, mid December,, 09:00,16:30
381,Naggler Alm   Techendorf (Weissensee),Europe, Austria,930,1324,6.0,3.5,2.5,0.0,,5.0,37.5, 2021-12-18,2022-03-06, mid December,, 09:00,16:15
382,Wolzenalp   Krummenau,Europe, Switzerland,740,1500,12.0,0.0,9.0,3.0,2.0,5.0,33.0, 2021-12-18,2022-03-20, depending on snow conditions,, 08:30,16:15
383,Kope,Europe, Slovenia,1010,1542,8.0,2.8,3.6,1.6,,7.0,31.0, 2021-12-11,2022-04-03, early December,, 09:00,16:00
384,Rogla,Europe, Slovenia,1050,1517,12.0,2.0,8.5,1.5,,13.0,35.0, 2021-12-11,2022-04-03, early December,, 09:00,16:00
385,Świeradów Zdrój,Europe, Poland,620,1060,2.5,0.8,1.7,0.0,,2.0,28.0, 2021-12-11,2022-03-27, early December,, 09:00,16:00
386,Wurmberg   Braunlage,Europe, Deutschland,565,970,11.8,10.0,1.3,0.5,0.8,7.0,36.0, 2021-12-11,2022-03-27, mid December,, 08:45,16:30
387,Hempelsberg/Geiersberg   Oberwarmensteinach,Europe, Deutschland,650,770,2.0,1.3,0.7,0.0,,2.0,20.0, 2021-12-25,2022-03-13, early December,, 09:00,22:00
388,Čertova hora   Harrachov,Europe, Czech_Republic,650,1020,8.0,3.7,3.0,1.3,,5.0,27.0, 2021-11-27,2022-04-03, early December,, 09:00,16:00
389,Martinské Hole,Europe, Slovakia,1150,1456,5.0,2.0,3.0,0.0,2.0,6.0,34.0, 2021-12-11,2022-04-03, early December,, 09:00,16:00
390,Kerenzerberg   Filzbach,Europe, Switzerland,746,1283,7.0,1.0,6.0,0.0,,2.0,32.0, 2021-12-18,2022-03-20, mid December,, 09:00,16:00
391,Bocksberg   Hahnenklee,Europe, Deutschland,560,726,4.3,1.9,1.8,0.6,,4.0,28.9, 2021-12-25,2022-03-13, depending on snow conditions,, 09:00,16:30
392,Katzenkopf   Leutasch,Europe, Austria,1140,1363,8.0,3.0,3.0,2.0,,3.0,32.0,,, mid December,, 09:00,16:00
393,Götschen   Bischofswiesen,Europe, Deutschland,880,1307,8.7,2.9,1.8,4.0,,3.0,26.0, 2021-12-04,2022-04-03, mid December,, 09:00,16:00
394,Jochgrimm (Passo Oclini),Europe, Italia,1850,2250,7.0,4.0,2.0,1.0,,4.0,19.0, 2021-12-03,2022-04-18, early December,, 08:30,16:30
395,Chastreix   Puy de Sancy,Europe, France,1350,1730,16.0,10.0,4.0,2.0,,7.0,22.3, 2021-12-11,2022-03-27, early December,, 09:00,17:00
396,Kåbdalis,Europe, Sweeden,360,570,9.0,4.0,3.0,2.0,4.0,4.0,34.0, 2021-10-16,2022-05-01, early November,, 09:00,16:00
397,Harenda,Europe, Poland,787,997,4.0,2.1,1.0,0.9,,4.0,25.0, 2021-12-04,2022-04-03, early December,, 09:00,21:00
398,Unterberg   Pernitz,Europe, Austria,710,1342,16.0,11.0,5.0,0.0,,4.0,33.0, 2021-12-11,2022-03-20, depending on snow conditions,, 09:00,15:45
399,Niederalpl   Mürzsteg (Neuberg an der Mürz),Europe, Austria,1220,1460,12.0,4.0,8.0,0.0,1.0,5.0,36.0, 2021-12-11,2022-03-27, early December,, 09:00,16:00
400,Les Rasses   Sainte Croix,Europe, Switzerland,1150,1580,20.0,10.0,10.0,0.0,,9.0,30.0, 2021-12-11,2022-03-20, mid December,, 09:00,16:30
401,Zinkenlifte   Dürrnberg (Hallein),Europe, Austria,837,1330,8.0,2.0,5.5,0.5,,4.0,28.2, 2021-12-18,2022-03-20, depending on snow conditions,, 09:00,16:00
402,Špičák,Europe, Czech_Republic,854,1202,8.0,3.5,3.6,0.9,,11.0,27.0, 2021-12-11,2022-03-20, depending on snow conditions,, 08:30,16:00
403,Hochhäderich   Hittisau,Europe, Austria,1250,1600,10.5,3.5,5.0,2.0,,5.0,34.5, 2021-12-08,2022-04-03, early December,, 09:00,16:00
404,Ventron,Europe, France,830,1110,10.0,5.0,4.0,1.0,,9.0,23.0, 2021-12-11,2022-04-03, mid December,, 09:00,17:00
405,Golte,Europe, Slovenia,1150,1570,8.5,2.9,4.9,0.7,1.5,6.0,31.0, 2021-12-11,2022-04-03, early December,, 09:00,16:00
406,Königsberg   Hollenstein an der Ybbs,Europe, Austria,715,1078,14.0,7.0,5.0,2.0,,6.0,27.0, 2021-12-08,2022-03-20, mid December,, 09:00,16:00
407,Palenica   Szczawnica,Europe, Poland,456,720,3.7,2.2,1.5,0.0,,4.0,21.0, 2021-12-11,2022-04-03, mid December,, 09:00,16:00
408,Hohenbogen   Neukirchen bei Hl. Blut,Europe, Deutschland,657,1050,6.0,2.0,3.0,1.0,,3.0,25.0, 2021-12-18,2022-03-13, mid December,, 09:00,16:15
409,Sonntag Stein,Europe, Austria,1300,1750,7.0,4.0,3.0,0.0,1.5,2.0,38.0, 2021-12-18,2022-03-20, depending on snow conditions,, 09:00,16:00
410,Elfer   Neustift,Europe, Austria,981,2080,2.5,0.0,2.5,0.0,3.5,3.0,33.0, 2021-12-18,2022-03-27, mid December,, 09:00,16:30
411,Salzstiegl   Hirschegg,Europe, Austria,1320,1710,12.0,6.0,4.0,2.0,,7.0,36.0, 2021-12-11,2022-03-20, early December,, 09:00,16:00
412,Faschina (Fontanella),Europe, Austria,1450,1980,6.8,5.5,1.3,0.0,3.5,7.0,41.5,,, early December,, 09:00,15:00
413,Kötschach Mauthen   Vorhegg,Europe, Austria,710,1300,6.0,4.0,2.0,0.0,,4.0,33.0, 2021-12-18,2022-03-13, mid December,, 09:00,16:00
414,Hohentauern,Europe, Austria,1230,1700,11.0,3.0,7.0,1.0,,5.0,38.0, 2021-12-11,2022-03-20, mid December,, 09:15,16:00
415,Cordon,Europe, France,1050,1600,11.0,4.0,7.0,0.0,,7.0,19.8, 2021-12-17,2022-03-19, mid December,, 09:00,16:45
416,Kreuzberg   Bischofsheim an der Rhön,Europe, Deutschland,610,928,13.0,5.0,8.0,0.0,,4.0,17.0, 2021-12-25,2022-03-13, mid December,, 09:00,17:00
417,La Molina/Masella ,Europe, España,1616,2531,141.0,76.0,47.0,18.0,,28.0,48.0, 2021-11-27,2022-04-18, late November,late April, 09:00,16:00
418,Pleta del Prat   Tavascan,Europe, España,1712,2197,5.0,1.0,4.0,0.0,,2.0,22.0,,,,, 09:00,16:00
419,Vall de Núria,Europe, España,1964,2260,7.6,4.1,2.5,1.0,,5.0,31.0,,,,,,
420,San Isidro Zona Salencias,Europe, España,1502,1670,6.5,2.9,3.6,0.0,,4.0,30.0,,,,,,
421,Madrid Snow Zone,Europe, España,667,705,0.3,0.2,0.1,0.0,,3.0,39.0,,, Year-round__,, 09:00,22:00
422,Vail,America, United States,2457,3433,234.0,57.0,84.0,93.0,,25.0,219.0, 2021-11-19,2022-04-24, mid November,mid April, 08:30,16:00
423,Telluride,America, United States,2659,3815,88.2,6.7,51.7,29.8,11.9,16.0,169.0, 2021-11-25,2022-04-17, mid November,mid April, 09:00,16:00
424,Beaver Creek,America, United States,2255,3488,150.0,28.5,64.5,57.0,25.0,18.0,218.0, 2021-11-24,2022-04-18, mid November,mid April, 09:00,15:30
425,Snowmass,America, United States,2473,3813,237.0,12.0,114.0,111.0,,16.0,199.0, 2021-11-25,2022-04-17, late November,mid April, 08:30,15:30
426,Mammoth Mountain,America, United States,2424,3369,89.8,18.4,48.5,22.9,100.0,25.0,209.0, 2021-11-12,2022-05-29, early November,early June, 08:30,16:00
427,Breckenridge,America, United States,2926,3914,153.0,28.0,60.0,65.0,,24.0,199.0, 2021-11-12,2022-05-29, early November,mid April, 08:30,16:00
428,Keystone,America, United States,2835,3651,135.0,25.0,65.0,45.0,100.0,13.0,176.0, 2021-10-30,2022-04-18, early November,mid April, 09:00,16:00
429,Palisades Tahoe,America, United States,1890,2745,100.0,25.0,45.0,30.0,50.0,24.0,209.0, 2021-11-25,2022-05-15, mid November,late May, 09:00,16:00
430,Killington,America, United States,355,1293,117.0,19.9,46.7,50.2,,19.0,165.0, 2021-11-19,2022-05-29, late October,late May, 09:00,16:00
431,Sunday River,America, United States,250,957,84.8,25.5,30.5,28.8,,16.0,119.0, 2021-11-20,2022-04-24, early November,late April, 08:30,16:00
432,Winter Park Resort,America, United States,2743,3676,143.0,11.0,53.0,79.0,,22.0,164.0, 2021-11-20,2022-04-24, mid November,late April, 09:00,16:00
433,Stowe,America, United States,390,1116,70.0,20.0,42.0,8.0,,10.0,149.0, 2021-11-25,2022-04-18, late November,early April, 08:00,16:00Limited opening times during the week
434,"Heavenly', 'of Heavenly",America, United States,2001,3060,94.0,18.0,42.0,34.0,40.0,24.0,164.0, 2021-11-19,2022-04-24, mid November,mid April, 09:00,16:00
435,Park City,America, United States,2080,3049,250.0,27.0,152.0,71.0,,39.0,133.0, 2021-11-19,2022-04-18, mid November,early April, 09:00,16:00
436,Steamboat,America, United States,2103,3221,165.0,25.0,95.0,45.0,,17.0,199.0, 2021-12-03,2022-04-18, late November,mid April, 08:30,16:00
437,Big Sky Resort,America, United States,2072,3398,250.0,55.0,69.0,126.0,100.0,31.0,194.0, 2021-11-25,2022-04-24, late November,mid April, 09:00,16:00
438,Aspen Highlands,America, United States,2451,3559,135.0,24.3,40.5,70.2,,5.0,199.0, 2021-12-11,2022-04-10, mid December,mid April, 09:00,15:30
439,Alpine Meadows,America, United States,2083,2632,100.0,25.0,40.0,35.0,50.0,11.0,209.0, 2021-11-20,2022-05-08, mid November,mid May, 09:00,16:00
440,Copper Mountain,America, United States,2926,3767,126.0,30.0,40.0,56.0,,19.0,189.0, 2021-11-13,2022-04-24, early November,late April, 08:30,16:00
441,[],America, United States,2560,3215,116.0,29.0,46.4,40.6,,8.0,125.0, 2021-11-20,2022-04-24, late November,mid April, 09:15,16:30
442,Buttermilk Mountain,America, United States,2399,3018,34.0,11.9,13.3,8.8,,5.0,199.0, 2021-12-11,2022-04-03, early December,early April, 09:00,15:30
443,Jackson Hole,America, United States,1924,3185,116.0,16.0,50.0,50.0,,13.0,182.0, 2021-11-25,2022-04-18, early December,early April, 09:00,16:00
444,Crested Butte,America, United States,2774,3620,121.0,31.4,69.0,20.6,,12.0,151.0,,, late November,early April, 09:00,16:00
445,Powder Mountain,America, United States,2101,2712,135.0,30.0,50.0,55.0,,9.0,99.0, 2021-12-11,2022-04-18, depending on snow conditions,early April, 09:00,21:00
446,Northstar California Resort,America, United States,1929,2624,97.0,25.0,45.0,27.0,100.0,14.0,170.0, 2021-11-20,2022-04-24, mid November,mid April, 09:00,16:00
447,Whiteface   Lake Placid,America, United States,371,1340,37.0,12.8,15.9,8.3,,9.0,115.0, 2021-12-03,2022-04-17, late November,mid April, 08:30,16:00Limited opening times during the week
448,Mt. Bachelor,America, United States,1737,2763,100.0,15.0,25.0,60.0,25.0,12.0,169.0, 2021-11-20,2022-05-29, late November,late May, 09:00,16:00
449,Snowbird,America, United States,2365,3353,103.0,27.0,38.0,38.0,,11.0,165.0, 2021-11-20,2022-05-29, mid November,mid May, 09:00,16:00
450,Bald Mountain   Sun Valley,America, United States,1752,2788,92.0,35.0,40.0,17.0,,13.0,165.0,,,,early April,,
451,Schweitzer Mountain Resort,America, United States,1206,1950,95.0,20.0,40.0,35.0,,9.0,95.0, 2021-11-20,2022-04-18, late November,early June, 09:00,16:00
452,Arapahoe Basin,America, United States,3286,3790,105.0,40.0,25.0,40.0,,7.0,158.0, 2021-10-30,2022-06-05, late October,late April, 09:00,16:00
453,Mt. Hood Meadows,America, United States,1378,2225,90.0,13.5,45.0,31.5,,11.0,129.0, 2021-11-20,2022-05-01, mid November,early April, 09:00,21:00
454,Stratton,America, United States,600,1181,92.0,60.0,20.0,12.0,,11.0,125.0,,, mid November,mid April, 09:00,16:00
455,Wenatchee   Mission Ridge,America, United States,1392,2078,100.0,10.0,60.0,30.0,,4.0,74.0,,, late November,early April, 09:00,16:00
456,Taos,America, United States,2805,3795,113.0,27.0,28.0,58.0,,14.0,128.0, 2021-12-03,2022-04-18, late November,mid April, 09:00,16:00
457,Aspen Mountain,America, United States,2422,3418,103.0,0.0,49.0,54.0,,8.0,199.0, 2021-11-25,2022-04-17, late November,mid April, 09:00,15:30
458,Sierra at Tahoe,America, United States,2024,2698,46.5,12.0,23.0,11.5,,10.0,115.0, 2021-11-24,2022-04-18, early December,mid April, 08:30,16:00Limited opening times during the week
459,Whitefish Mountain Resort,America, United States,1361,2078,91.0,18.0,46.0,27.0,,14.0,85.0, 2021-12-04,2022-04-18, early December,early April, 09:00,16:00
460,Wolf Creek,America, United States,3139,3628,100.0,20.0,35.0,45.0,,8.0,80.0, 2021-10-30,2022-04-17, depending on snow conditions,early April, 08:30,16:00
461,Sugarbush,America, United States,452,1240,85.0,17.0,38.0,30.0,,15.0,119.0,,, late November,late March, 09:00,16:00
462,Angel Fire,America, United States,2591,3256,75.0,40.0,28.0,7.0,,5.0,79.0,,, early December,late April, 09:00,16:00
463,Sugarloaf,America, United States,426,1286,87.0,20.0,30.0,37.0,,12.0,119.0, 2021-11-20,2022-04-24, late November,mid April, 08:00,15:50
464,Okemo,America, United States,348,1019,70.0,22.0,26.0,22.0,,14.0,119.0, 2021-11-25,2022-04-18, late November,early April, 09:00,16:00
465,Purgatory   Durango,America, United States,2680,3299,85.0,15.0,40.0,30.0,,10.0,89.0,,, late November,mid April, 09:00,16:00
466,Brighton,America, United States,2668,3200,66.0,10.0,18.0,38.0,,6.0,97.0,,, mid November,early May, 09:00,16:00
467,Mt. Baker,America, United States,1070,1525,100.0,24.0,45.0,31.0,,10.0,68.58, 2021-11-19,2022-05-01, early November,mid April, 09:00,15:30
468,Sugar Bowl,America, United States,2098,2555,70.0,11.9,31.5,26.6,,14.0,125.0,,, late November,early April, 09:00,16:00
469,Bolton Valley,America, United States,440,960,30.0,15.0,10.0,5.0,,6.0,84.0,,, early December,mid April, 09:00,16:00
470,Solitude,America, United States,2434,3000,64.0,20.0,30.0,14.0,,8.0,125.0, 2021-11-27,2022-04-24, mid November,mid April, 09:00,16:00
471,Jay Peak,America, United States,563,1175,76.0,15.0,31.0,30.0,,7.0,89.0,,,,mid April, 08:30,16:00
472,Brian Head,America, United States,2926,3328,71.0,22.0,24.0,25.0,,8.0,59.0,,, mid November,early April, 10:00,16:00
473,Bretton Woods,America, United States,488,945,56.0,25.0,16.0,15.0,,8.0,104.0,,, mid November,early April, 09:00,16:00
474,Bear Valley,America, United States,2011,2590,67.0,17.0,27.0,23.0,,8.0,99.0,,, mid December,early April, 09:00,16:00
475,Red Lodge Mountain,America, United States,2138,2870,65.0,11.0,30.0,24.0,,6.0,84.0,,, late November,early April, 09:00,16:00
476,Mount Snow,America, United States,585,1095,60.0,6.0,46.0,8.0,,15.0,110.0,,, late November,late April, 08:00,16:00Limited opening times during the week
477,"[""Smugglers' Notch""]",America, United States,314,1112,78.0,13.0,41.0,24.0,,8.0,90.0, 2021-11-25,2022-04-18, late November,late April, 09:00,16:00
478,49 Degrees North Mountain Resort,America, United States,1195,1760,68.0,20.0,27.0,21.0,,7.0,62.0,,,,mid April,,
479,Alyeska Resort   Girdwood,America, United States,70,840,62.0,14.0,31.0,17.0,,5.0,89.0, 2021-12-11,2022-04-24, late November,mid April, 10:30,16:00
480,Mt. Rose,America, United States,2407,2957,60.0,12.0,18.0,30.0,,6.0,145.0, 2021-11-20,2022-04-24, mid November,late April, 09:00,16:00
481,Bridger Bowl   Bozeman,America, United States,1860,2682,71.0,20.0,26.0,25.0,10.0,9.0,63.0, 2021-12-16,2022-04-03, early December,early May, 09:00,16:00
482,Gore Mountain,America, United States,304,1097,58.2,6.7,28.2,23.3,,12.0,94.0,,, late November,mid April, 08:30,16:00
483,Bogus Basin,America, United States,1767,2311,50.0,11.0,22.0,17.0,,7.0,64.0,,,,mid April, 10:00,22:00
484,Kirkwood,America, United States,2377,2987,65.0,15.0,30.0,20.0,,13.0,119.0, 2021-12-03,2022-04-18, late November,late September, 09:00,16:00
485,Crystal Mountain (WA),America, United States,1341,2137,50.0,8.0,27.0,15.0,,10.0,149.0, 2021-11-19,2022-05-15, mid November,early April, 09:00,16:00
486,Snowbasin,America, United States,1950,2850,48.0,5.0,28.0,15.0,,9.0,135.0,,, mid November,mid April, 09:00,16:00
487,Loon Mountain,America, United States,300,930,45.0,13.0,26.0,6.0,,10.0,104.0, 2021-11-20,2022-04-18, mid November,early April, 08:00,16:00Limited opening times during the week
488,Timberline,America, United States,1478,2603,31.0,8.0,15.0,8.0,,7.0,89.0, 2021-10-29,2022-09-04, early November,mid April, 09:00,16:00
489,Hunter Mountain,America, United States,487,975,55.0,18.0,18.0,19.0,,12.0,91.0,,,,early May, 08:30,16:00
490,Tamarack Resort,America, United States,1490,2347,42.0,12.0,20.0,10.0,,6.0,100.0, 2021-11-26,2022-04-03, early December,early April, 09:00,16:00
491,Arizona Snowbowl,America, United States,2804,3505,37.0,12.0,14.0,11.0,,6.0,99.0,,,,mid April, 09:00,16:00
492,Mt. Hood Skibowl,America, United States,1120,1510,65.0,15.0,15.0,35.0,,9.0,59.0,,, mid November,mid April, 09:00,22:00Limited opening times during the week
493,Holiday Valley,America, United States,457,685,48.0,16.0,13.0,19.0,,13.0,85.0,,,,early April, 08:30,22:00
494,Grand Targhee,America, United States,2310,3048,35.0,5.0,15.0,15.0,,4.0,110.0, 2021-11-19,2022-04-18, late November,early April, 09:00,16:00
495,Cannon Mountain,America, United States,599,1243,50.0,15.0,25.0,10.0,,11.0,79.0,,,,early April, 08:30,16:30
496,Stevens Pass,America, United States,1170,1750,39.0,6.0,18.0,15.0,20.0,10.0,100.0,,, early December,mid April, 09:00,22:00
497,Lutsen Mountains,America, United States,263,515,40.0,8.0,19.0,13.0,,7.0,84.0,,,,early April, 09:00,16:00Limited opening times during the week
498,Eldora Mountain,America, United States,2804,3292,52.0,11.0,26.0,15.0,,10.0,129.0,,, late November,early April, 09:00,16:00
499,Loveland,America, United States,3245,3871,93.0,12.0,38.0,43.0,,9.0,89.0, 2021-10-30,2022-05-08, early October,mid April, 09:00,16:00
500,Powderhorn,America, United States,2499,3000,38.0,5.0,15.0,18.0,,3.0,79.0,,, late November,early April, 10:00,17:00
501,Pico Mountain,America, United States,610,1209,30.4,5.4,14.0,11.0,,7.0,85.0,,, mid December,early April, 09:00,16:00
502,Lost Trail Powder Mountain,America, United States,1960,2550,50.0,15.0,25.0,10.0,,8.0,46.0,,,,early April, 09:30,16:00Limited opening times during the week
503,Sundance,America, United States,1850,2515,44.0,15.0,20.0,9.0,,6.0,85.0,,, early December,late April, 09:00,21:00
504,Discovery Ski Area,America, United States,1758,2484,45.0,12.0,12.0,21.0,30.0,7.0,49.0,,, late November,early April, 09:00,16:00
505,Mad River Glen,America, United States,487,1108,46.0,14.0,17.0,15.0,,4.0,92.0,,, early December,early May, 09:00,16:00
506,June Mountain,America, United States,2288,3075,35.7,2.1,12.9,20.7,,6.0,129.0, 2021-12-11,2022-04-18, mid December,early April, 08:30,16:00
507,Donner Ski Ranch,America, United States,2142,2371,52.0,13.0,26.0,13.0,,6.0,79.0,,, mid December,early April, 09:00,16:00
508,Dodge Ridge,America, United States,2011,2499,50.0,10.0,20.0,20.0,,10.0,78.0,,, early December,early April, 09:00,16:00
509,Attitash Mountain Resort,America, United States,183,716,37.0,7.4,17.4,12.2,,8.0,94.0, 2021-12-11,2022-04-03, late November,early April, 09:00,16:00
510,Cranmore Mountain Resort,America, United States,267,609,43.0,16.0,19.0,8.0,7.0,6.0,89.0,,, mid December,mid April, 09:00,16:00
511,Mt. Sunapee,America, United States,385,828,30.0,8.0,16.0,6.0,,8.0,99.0,,,,mid March, 08:00,16:00Limited opening times during the week
512,Silver Mountain,America, United States,1250,1920,25.0,4.0,8.0,13.0,,6.0,62.0,,,,early April, 08:15,17:00
513,Brundage Mountain,America, United States,1780,2328,30.0,6.0,15.0,9.0,,5.0,70.0,,, mid November,early April, 09:30,16:30
514,Snowshoe Mountain,America, United States,1000,1478,31.0,14.0,11.0,6.0,,12.0,119.0, 2021-12-03,2022-03-27, late November,late March, 09:00,16:30
515,Ragged Mountain,America, United States,340,680,22.5,4.5,10.0,8.0,,4.0,84.0,,,,late March, 09:00,16:00
516,Terry Peak,America, United States,1800,2130,16.0,4.7,7.2,4.1,,4.0,58.0,,,,early April, 09:00,16:00
517,Granite Peak at Rib Mountain State Park,America, United States,380,594,20.0,10.0,5.0,5.0,,5.0,82.0,,, early December,late March, 08:30,16:00
518,Santa Fé,America, United States,3154,3679,34.0,9.0,15.0,10.0,,5.0,80.0,,, late November,late March, 09:00,16:00
519,Snow Valley,America, United States,2050,2390,34.0,4.0,20.0,10.0,,9.0,89.0,,, late November,mid April, 08:30,16:00
520,Wildcat Mountain,America, United States,594,1238,25.0,5.2,12.1,7.7,,4.0,94.0, 2021-12-10,2022-04-10, late November,early April, 08:30,15:30
521,Beaver Mountain,America, United States,2195,2700,30.0,10.0,12.0,8.0,,4.0,50.0,,, early December,early April, 09:00,16:00
522,Saddleback,America, United States,646,1220,22.0,4.0,8.0,10.0,,4.0,79.0,,, mid December,, 08:30,15:55Limited opening times during the week
523,Camelback,America, United States,380,623,34.0,20.0,11.0,3.0,,9.0,70.0,,,,, 09:00,16:00
524,Willamette Pass   Crescent,America, United States,1560,2036,29.0,6.0,13.0,10.0,,5.0,60.0,,, mid November,, 09:00,16:00
525,Montana Snowbowl,America, United States,1523,2316,31.0,5.0,12.0,14.0,,5.0,50.0,,,,, 09:00,16:00Limited opening times during the week
526,Lookout Pass,America, United States,1450,1675,31.0,8.0,14.0,9.0,,4.0,49.0,,,,, 08:30,16:00
527,Belleayre Mountain,America, United States,617,1045,20.0,5.0,11.0,4.0,,5.0,95.0, 2021-12-10,2022-04-04, late November,, 09:00,16:00
528,Mountain Creek   Vernon,America, United States,134,451,24.0,4.0,14.0,6.0,,7.0,79.99,,,,,,
529,The Summit at Snoqualmie,America, United States,800,1180,27.9,5.2,13.7,9.0,100.0,21.0,95.0,,, early December,, 09:00,16:00
530,Sandia Peak,America, United States,2630,3140,31.0,8.0,20.0,3.0,,5.0,55.0,,,,, 09:00,20:00
531,Bristol Mountain,America, United States,304,670,20.0,6.0,10.0,4.0,,5.0,79.0,,,,, 09:00,10:00
532,Mt. Spokane,America, United States,1185,1795,26.0,7.0,5.0,14.0,,6.0,62.0,,,,, 09:00,21:30
533,Monarch,America, United States,3290,3630,31.0,5.0,14.0,12.0,,5.0,89.0,,, mid November,, 09:00,16:00
534,Pats Peak,America, United States,180,426,33.0,10.0,8.0,15.0,,9.0,72.0,,,,, 08:30,16:00
535,Wachusett Mountain,America, United States,306,611,12.0,3.6,4.8,3.6,,4.0,71.0,,, early December,, 09:00,16:00
536,Boyne Highlands,America, United States,240,408,25.7,10.3,7.7,7.7,,8.0,98.0,,,,, 09:00,16:30
537,Granby Ranch,America, United States,2499,2804,20.0,6.0,10.0,4.0,,5.0,84.0,,, mid December,, 09:00,16:00
538,Magic Mountain,America, United States,350,868,23.0,7.0,7.0,9.0,,5.0,74.0,,, mid December,, 08:30,16:00Limited opening times during the week
539,Blue Mountain,America, United States,140,470,18.0,10.0,6.0,2.0,,6.0,79.0,,,,, 08:30,22:00
540,Diamond Peak,America, United States,2042,2602,17.0,2.0,8.0,7.0,,6.0,109.0,,, mid December,, 08:00,16:00
541,Titus Mountain,America, United States,58,423,27.0,10.0,10.0,7.0,,10.0,49.0,,, mid December,, 09:00,22:00
542,Sugar Mountain,America, United States,1249,1589,14.0,4.0,7.0,3.0,,7.0,75.0,,,,, 09:00,16:30
543,Maverick Mountain,America, United States,1980,2596,20.0,6.0,8.0,6.0,,1.0,39.0,,,,, 09:30,16:00
544,Cooper,America, United States,3200,3566,26.0,8.0,10.0,8.0,,4.0,56.0,,,,, 09:00,16:00
545,Pebble Creek,America, United States,1938,2609,19.0,6.0,9.0,4.0,,3.0,47.0,,,,, 09:30,16:00
546,Shawnee Peak,America, United States,160,550,23.0,4.0,12.0,7.0,,4.0,75.0,,,,, 09:00,16:00
547,Mt. Baldy,America, United States,1977,2620,20.0,3.0,6.0,11.0,,4.0,76.0,,, late November,, 09:00,16:00
548,Mt. Shasta Ski Park,America, United States,1670,2100,23.0,5.0,8.0,10.0,,3.0,65.0,,,,, 09:00,21:00
549,Butternut,America, United States,250,540,22.0,4.4,13.2,4.4,,5.0,65.0,,,,, 08:15,16:00Limited opening times during the week
550,Sunlight Mountain,America, United States,2403,3015,20.0,4.0,11.0,5.0,,3.0,65.0,,, early December,, 09:00,16:00
551,Holimont,America, United States,475,689,20.0,4.0,6.0,10.0,,8.0,75.0,,,,, 09:30,16:20
552,Seven Springs,America, United States,690,915,17.0,6.0,7.0,4.0,,10.0,89.0,,,,, 09:00,22:00
553,Cherry Peak,America, United States,2250,2635,20.0,5.0,10.0,5.0,,3.0,40.0,,, late November,, 09:00,21:00
554,Red River,America, United States,2640,3135,20.0,7.0,6.0,7.0,,7.0,79.0,,,,, 09:00,16:00
555,Showdown,America, United States,2090,2500,20.0,6.0,8.0,6.0,,3.0,47.0,,,,, 09:30,16:00
556,Burke Mountain,America, United States,371,975,10.0,2.0,4.0,4.0,,5.0,73.0,,,,, 10:00,16:00
557,Nordic Valley,America, United States,1632,2153,9.5,2.5,4.0,3.0,,4.0,50.0,,, mid November,, 09:00,21:00
558,Arctic Valley,America, United States,762,1188,25.0,5.0,10.0,10.0,,4.0,45.0,,,,, 10:30,16:00Limited opening times during the week
559,Greek Peak,America, United States,350,640,19.0,9.0,4.0,6.0,,6.0,84.0,,, early December,, 09:30,18:00
560,Bigrock Mountain,America, United States,200,498,20.0,2.0,14.0,4.0,,2.0,40.0,,,,, 09:00,16:00
561,Shawnee Mountain,America, United States,145,350,18.0,4.0,9.0,5.0,,6.0,65.0,,,,, 09:00,21:00
562,Pine Creek,America, United States,2095,2508,16.0,4.0,7.0,5.0,,1.0,45.0,,,,, 09:30,16:00
563,Wisp   McHenry (Deep Creek Lake),America, United States,736,950,16.0,5.6,6.1,4.3,,8.0,89.0,,,,, 10:00,16:00
564,Plattekill,America, United States,696,1014,16.5,4.5,6.0,6.0,,3.0,67.0,,,,, 08:45,16:15
565,Eaglecrest   Juneau,America, United States,350,820,17.0,3.4,6.8,6.8,,4.0,59.0,,,,, 09:00,15:00
566,Snowy Range,America, United States,2678,2945,16.5,4.5,9.0,3.0,,4.0,49.0,,,,, 09:00,16:00
567,Blue Knob,America, United States,634,960,16.0,5.0,8.0,3.0,,4.0,75.0,,,,, 10:00,21:00
568,Skiland   Mt. Aurora,America, United States,425,745,17.0,4.0,9.0,4.0,,1.0,40.0,,,,, 10:00,17:00Limited opening times during the week
569,Boyne Mountain,America, United States,220,372,14.0,4.5,6.0,3.5,,10.0,98.0,,,,, 09:00,16:30
570,Labrador Mountain,America, United States,360,570,17.0,6.0,6.0,5.0,,4.0,61.0,,, early December,, 09:00,16:30Limited opening times during the week
571,Hoodoo Ski Area,America, United States,1430,1740,17.0,6.0,8.0,3.0,,5.0,59.0,,,,, 09:00,16:00
572,Snow King Mountain   Jackson,America, United States,1900,2380,9.0,3.0,2.5,3.5,,5.0,59.0,,, early December,, 10:00,16:00
573,Giants Ridge,America, United States,440,560,12.0,4.0,5.0,3.0,,6.0,58.0,,,,, 09:30,16:30
574,"[""Nub's Nob Ski Area""]",America, United States,280,403,18.9,6.2,9.0,3.7,,11.0,85.0,,,,, 09:00,16:30
575,Sipapu,America, United States,2500,2825,18.0,3.0,7.0,8.0,,5.0,55.0,,,,, 09:00,16:00
576,Middlebury College Snow Bowl,America, United States,555,810,15.0,5.0,4.0,6.0,,3.0,60.0,,,,, 08:30,16:00Limited opening times during the week
577,Pomerelle,America, United States,2358,2640,15.0,4.0,7.0,4.0,,2.0,45.0,,,,, 09:00,16:00Limited opening times during the week
578,Berkshire East,America, United States,201,561,13.0,6.0,4.0,3.0,,4.0,72.0,,,,, 09:00,16:30
579,Sleeping Giant,America, United States,2025,2265,17.0,3.0,8.0,6.0,,2.0,46.0,,,,, 09:30,16:00
580,Whitetail,America, United States,261,545,10.2,1.5,5.6,3.1,,6.0,79.0,,,,, 08:30,22:00
581,Dollar Mountain   Sun Valley,America, United States,1832,2023,9.0,7.0,2.0,0.0,,4.0,139.0,,,,,,
582,Kelly Canyon,America, United States,1780,2030,12.0,4.0,5.0,3.0,,4.0,42.0,,,,, 09:30,17:00
583,Mt. Ashland,America, United States,1932,2286,13.0,1.0,7.0,5.0,,4.0,52.0,,,,, 09:00,16:00
584,Song Mountain,America, United States,400,585,13.0,4.5,6.0,2.5,,5.0,59.0,,,,, 09:30,21:00
585,Shanty Creek Resorts   Schuss Mountain,America, United States,250,356,12.0,5.0,4.0,3.0,,5.0,73.0,,,,, 09:00,21:00Limited opening times during the week
586,Jiminy Peak,America, United States,380,724,9.1,4.1,2.0,3.0,,7.0,91.0,,,,, 08:30,22:00Limited opening times during the week
587,Crotched Mountain,America, United States,362,630,8.0,2.5,4.0,1.5,,4.0,69.0,,,,, 09:00,21:00
588,Teton Pass,America, United States,1886,2194,15.0,6.0,5.0,4.0,,6.0,50.0,,, late November,, 09:30,16:00
589,Loup Loup Ski Bowl,America, United States,1240,1620,11.0,3.0,5.0,3.0,,3.0,50.0,,,,, 09:00,15:45Limited opening times during the week
590,Caberfae Peaks,America, United States,357,467,11.0,4.0,5.0,2.0,,5.0,59.0,,,,, 09:00,21:00
591,Mt. Kato,America, United States,241,313,12.0,2.5,4.5,5.0,,10.0,46.0,,,,, 09:30,21:00Limited opening times during the week
592,Bromley Mountain,America, United States,594,1001,,,,,,,91.0,,,,, 08:30,16:00
593,Big Powderhorn Mountain,America, United States,350,540,10.0,3.5,3.5,3.0,,10.0,69.0,,,,, 09:00,16:00
594,Mt. Bohemia,America, United States,190,445,13.0,0.0,3.0,10.0,,2.0,68.0,,, mid December,, 09:30,17:00Limited opening times during the week
595,Jack Frost Mountain,America, United States,427,610,12.0,6.0,5.5,0.5,,11.0,103.0,,,,, 09:00,21:00
596,Bear Creek Mountain Resort,America, United States,180,335,10.0,3.0,4.0,3.0,,4.0,60.0,,,,, 09:00,21:00
597,Tahoe Donner,America, United States,2057,2240,14.0,6.0,8.0,0.0,,2.0,89.0,,, early December,, 09:00,16:00
598,Suicide Six,America, United States,220,411,10.5,3.5,4.0,3.0,,3.0,75.0,,,,, 09:00,16:00
